Source,Target,Type,Id,Label,timeset,Weight,1,2,3,5,6
Lithuania,Iran,Undirected,168,,,1,-,"2002  ","Ongoing  ","Taliban insurgency Part of the War in Afghanistan (2001–2014), War in Afghanistan (1978–present), War in Afghanistan (2015–present) and War on Terrorism  ",0
Lithuania,Pakistan,Undirected,167,,,1,-,"2002  ","Ongoing  ","Taliban insurgency Part of the War in Afghanistan (2001–2014), War in Afghanistan (1978–present), War in Afghanistan (2015–present) and War on Terrorism  ",0
Lithuania,Japan,Undirected,58,,,1,-,"1917  ","1922  ","Russian Civil War  ",0
Lithuania,China,Undirected,45,,,1,-,"1917  ","1922  ","Russian Civil War  ",0
Lithuania,Serbia,Undirected,40,,,2,-,"1917  ","1922  ","Russian Civil War  ",1
Lithuania,Ottoman Empire,Undirected,20,,,9,-,"1917  ","1922  ","Russian Civil War  ",8
Lithuania,Russia,Undirected,10,,,10,-,"1919  ","1919  ","Lithuanian War of Independence (War against the Bermontians)Part of the Lithuanian Wars of Independence  ",9
Lithuania,Lithuania,Undirected,0,,,3,-,"1918  ","1919  ","Lithuanian–Soviet WarPart of the Lithuanian Wars of Independence  ",2
Denmark,Libya,Undirected,459,,,1,-,"2011  ","2011  ","Libyan Civil War (2011)  ",0
Denmark,Pakistan,Undirected,454,,,2,-,"2002  ","Ongoing  ","Taliban insurgency Part of the War in Afghanistan (2001–2014), War in Afghanistan (1978–present), War in Afghanistan (2015–present) and War on Terrorism  ",1
Denmark,Yemen,Undirected,446,,,1,-,"2002  ","Ongoing  ","Operation Enduring Freedom – Horn of Africa  ",0
Denmark,North Korea,Undirected,388,,,1,-,"1950  ","1953  ","Korean War  Part of the Korean conflict  ",0
Denmark,Iran,Undirected,363,,,2,-,"2002  ","Ongoing  ","Taliban insurgency Part of the War in Afghanistan (2001–2014), War in Afghanistan (1978–present), War in Afghanistan (2015–present) and War on Terrorism  ",1
Denmark,Soviet Union,Undirected,334,,,2,-,"1950  ","1953  ","Korean War  Part of the Korean conflict  ",1
Denmark,Iraq,Undirected,280,,,3,-,"2003  ","2011  ","Iraq War  ",2
Denmark,Algeria,Undirected,220,,,1,-,"1769  ","1772  ","Danish-Algerian War  ",0
Denmark,Ottoman Empire,Undirected,217,,,3,-,"1798  ","1802  ","War of the Second CoalitionPart of the French Revolutionary Wars  ",2
Denmark,Denmark,Undirected,204,,,1,-,"1618  ","1648  ","Thirty Years' War  ",0
Norway,Libya,Undirected,679,,,1,-,"2011  ","2011  ","Libyan Civil War (2011)  ",0
Norway,Pakistan,Undirected,678,,,1,-,"2002  ","Ongoing  ","Taliban insurgency Part of the War in Afghanistan (2001–2014), War in Afghanistan (1978–present), War in Afghanistan (2015–present) and War on Terrorism  ",0
Norway,North Korea,Undirected,611,,,1,-,"1950  ","1953  ","Korean War  Part of the Korean conflict  ",0
Norway,Egypt,Undirected,605,,,2,-,"1969  ","Ongoing  ","Moro insurgency in the Philippines  ",1
Norway,Iran,Undirected,586,,,2,-,"2002  ","Ongoing  ","Taliban insurgency Part of the War in Afghanistan (2001–2014), War in Afghanistan (1978–present), War in Afghanistan (2015–present) and War on Terrorism  ",1
Norway,Soviet Union,Undirected,559,,,2,-,"1950  ","1953  ","Korean War  Part of the Korean conflict  ",1
Norway,Iraq,Undirected,517,,,3,-,"1969  ","Ongoing  ","Moro insurgency in the Philippines  ",2
Norway,China,Undirected,504,,,3,-,"1950  ","1953  ","Korean War  Part of the Korean conflict  ",2
Norway,Japan,Undirected,482,,,1,-,"1939  ","1945  ","World War II  ",0
Sweden,Libya,Undirected,852,,,1,-,"2011  ","2011  ","Libyan Civil War (2011)  ",0
Sweden,Iran,Undirected,851,,,1,-,"2002  ","Ongoing  ","Taliban insurgency Part of the War in Afghanistan (2001–2014), War in Afghanistan (1978–present), War in Afghanistan (2015–present) and War on Terrorism  ",0
Sweden,Pakistan,Undirected,850,,,1,-,"2002  ","Ongoing  ","Taliban insurgency Part of the War in Afghanistan (2001–2014), War in Afghanistan (1978–present), War in Afghanistan (2015–present) and War on Terrorism  ",0
Sweden,Cuba,Undirected,752,,,1,-,"1960  ","1965  ","Congo Crisis  ",0
Sweden,China,Undirected,730,,,2,-,"1960  ","1965  ","Congo Crisis  ",1
Sweden,North Korea,Undirected,729,,,1,-,"1950  ","1953  ","Korean War  Part of the Korean conflict  ",0
Sweden,French Empire,Undirected,710,,,4,-,"1815  ","1815  ","Hundred DaysWar of the Seventh Coalition  ",3
Sweden,Ottoman Empire,Undirected,709,,,1,-,"1801  ","1805  ","First Barbary War  ",0
Portugal,Iran,Undirected,1032,,,1,-,"2002  ","Ongoing  ","Taliban insurgency Part of the War in Afghanistan (2001–2014), War in Afghanistan (1978–present), War in Afghanistan (2015–present) and War on Terrorism  ",0
Portugal,Pakistan,Undirected,1026,,,2,-,"2002  ","Ongoing  ","Taliban insurgency Part of the War in Afghanistan (2001–2014), War in Afghanistan (1978–present), War in Afghanistan (2015–present) and War on Terrorism  ",1
Portugal,Yemen,Undirected,1017,,,1,-,"2002  ","Ongoing  ","Operation Enduring Freedom – Horn of Africa  ",0
Portugal,Nepal,Undirected,899,,,1,-,"1996  ","2006  ","Nepalese Civil War  ",0
Portugal,Mexico,Undirected,887,,,1,-,"1936  ","1939  ","Spanish Civil War  ",0
Portugal,Soviet Union,Undirected,886,,,1,-,"1936  ","1939  ","Spanish Civil War  ",0
Portugal,British Empire,Undirected,885,,,1,-,"1833  ","1840  ","First Carlist War  ",0
Portugal,Brazil,Undirected,884,,,1,-,"1822  ","1824  ","War of Independence of Brazil  ",0
Portugal,French Empire,Undirected,882,,,2,-,"1815  ","1815  ","Hundred DaysWar of the Seventh Coalition  ",1
Portugal,Portugal,Undirected,855,,,2,-,"1833  ","1840  ","First Carlist War  ",1
Portugal,Ottoman Empire,Undirected,853,,,2,-,"1714  ","1718  ","Ottoman–Venetian War (1714–18)  ",1
Ottoman Empire,Latvia,Undirected,1168,,,1,-,"1917  ","1922  ","Russian Civil War  ",0
Ottoman Empire,Estonia,Undirected,1167,,,1,-,"1917  ","1922  ","Russian Civil War  ",0
Ottoman Empire,Finland,Undirected,1166,,,1,-,"1917  ","1922  ","Russian Civil War  ",0
Ottoman Empire,Mongolia,Undirected,1165,,,1,-,"1917  ","1922  ","Russian Civil War  ",0
Ottoman Empire,China,Undirected,1164,,,1,-,"1914  ","1918  ","World War I  ",0
Ottoman Empire,San Marino,Undirected,1163,,,1,-,"1914  ","1918  ","World War I  ",0
Ottoman Empire,Brazil,Undirected,1162,,,1,-,"1914  ","1918  ","World War I  ",0
Ottoman Empire,Japan,Undirected,1161,,,1,-,"1914  ","1918  ","World War I  ",0
Ottoman Empire,New Zealand,Undirected,1160,,,1,-,"1914  ","1918  ","World War I  ",0
Ottoman Empire,India,Undirected,1159,,,1,-,"1914  ","1918  ","World War I  ",0
Ottoman Empire,British Empire,Undirected,1152,,,3,-,"1918  ","1920  ","Armenian–Azerbaijani WarPart of the Russian Civil War  ",2
Ottoman Empire,Belgium,Undirected,1151,,,1,-,"1914  ","1918  ","World War I  ",0
Ottoman Empire,Italy,Undirected,1149,,,2,-,"1914  ","1918  ","World War I  ",1
Ottoman Empire,Greece,Undirected,1145,,,4,-,"1914  ","1918  ","World War I  ",3
Ottoman Empire,Armenia,Undirected,1138,,,7,-,"1918  ","1920  ","Armenian–Azerbaijani WarPart of the Russian Civil War  ",6
Ottoman Empire,Macedonia,Undirected,1134,,,4,-,"1903  ","1903  ","Ilinden–Preobrazhenie Uprising  ",3
Ottoman Empire,Romania,Undirected,1132,,,2,-,"1914  ","1918  ","World War I  ",1
Ottoman Empire,Montenegro,Undirected,1126,,,6,-,"1914  ","1918  ","World War I  ",5
Ottoman Empire,Egypt,Undirected,1124,,,2,-,"1839  ","1841  ","Egyptian–Ottoman War (1839–41)  ",1
Ottoman Empire,Kingdom of the Netherlands,Undirected,1123,,,1,-,"1815  ","1815  ","Second Barbary War  ",0
Ottoman Empire,United States,Undirected,1116,,,3,-,"1914  ","1918  ","World War I  ",2
Ottoman Empire,Albania,Undirected,1106,,,10,-,"1914  ","1918  ","World War I  ",9
Ottoman Empire,Russia,Undirected,1088,,,18,-,"1919  ","1922(Armistice)1923(Treaty)  ","Turkish War of Independence  ",17
Ottoman Empire,Bulgaria,Undirected,1073,,,12,-,"1913  ","1913  ","Second Balkan War  ",11
Ottoman Empire,Serbia,Undirected,1061,,,12,-,"1914  ","1918  ","World War I  ",11
Ottoman Empire,Malta,Undirected,1057,,,4,-,"1714  ","1718  ","Ottoman–Venetian War (1714–18)  ",3
Ottoman Empire,Austria,Undirected,1052,,,5,-,"1787  ","1791  ","Austro-Turkish War (1787–91)  ",4
Ottoman Empire,Spain,Undirected,1044,,,8,-,"1792  ","1797  ","War of the First CoalitionPart of the French Revolutionary Wars  ",7
Ottoman Empire,Ethiopia,Undirected,1042,,,2,-,"1538  ","1557  ","Ottoman–Portuguese conflicts (1538–57)  ",1
Ottoman Empire,Croatia,Undirected,1037,,,3,-,"1683  ","1699  ","Great Turkish War  ",2
Ottoman Empire,Hungary,Undirected,1033,,,4,-,"1683  ","1699  ","Great Turkish War  ",3
Spain,Libya,Undirected,1539,,,1,-,"2011  ","2011  ","Libyan Civil War (2011)  ",0
Spain,Iran,Undirected,1535,,,2,-,"2002  ","Ongoing  ","Taliban insurgency Part of the War in Afghanistan (2001–2014), War in Afghanistan (1978–present), War in Afghanistan (2015–present) and War on Terrorism  ",1
Spain,Pakistan,Undirected,1528,,,3,-,"2002  ","Ongoing  ","Taliban insurgency Part of the War in Afghanistan (2001–2014), War in Afghanistan (1978–present), War in Afghanistan (2015–present) and War on Terrorism  ",2
Spain,Yemen,Undirected,1515,,,1,-,"2002  ","Ongoing  ","Operation Enduring Freedom – Horn of Africa  ",0
Spain,North Korea,Undirected,1300,,,1,-,"1955  ","1975  ","Vietnam War  ",0
Spain,North Vietnam,Undirected,1297,,,1,-,"1955  ","1975  ","Vietnam War  ",0
Spain,Cuba,Undirected,1293,,,4,-,"1898  ","1898  ","Spanish–American War  ",3
Spain,Ecuador,Undirected,1292,,,1,-,"1864  ","1866  ","Chincha Islands War  ",0
Spain,Dominica,Undirected,1291,,,1,-,"1863  ","1865  ","Dominican Restoration War  ",0
Spain,Morocco,Undirected,1287,,,4,-,"2002  ","2002  ","Perejil Island crisis  ",3
Spain,Peru,Undirected,1285,,,2,-,"1864  ","1866  ","Chincha Islands War  ",1
Spain,Colombia,Undirected,1280,,,2,-,"1811  ","1824  ","Peruvian War of Independence Part of the Spanish American wars of independence  ",1
Spain,Venezuela,Undirected,1279,,,1,-,"1811  ","1823  ","Venezuelan War of Independence Part of the Spanish American wars of independence  ",0
Spain,Chile,Undirected,1263,,,4,-,"1864  ","1866  ","Chincha Islands War  ",3
Spain,Argentina,Undirected,1260,,,3,-,"1811  ","1824  ","Peruvian War of Independence Part of the Spanish American wars of independence  ",2
Spain,Bolivia,Undirected,1258,,,2,-,"1864  ","1866  ","Chincha Islands War  ",1
Spain,French Empire,Undirected,1256,,,2,-,"1815  ","1815  ","Hundred DaysWar of the Seventh Coalition  ",1
Spain,Serbia,Undirected,1213,,,1,-,"1530  ","1552  ","Little War in HungaryPart of the Ottoman–Habsburg wars  ",0
France,Belarus,Undirected,2027,,,1,-,"2002  ","2007  ","First Ivorian Civil War  ",0
France,Pakistan,Undirected,2022,,,2,-,"2002  ","Ongoing  ","Taliban insurgency Part of the War in Afghanistan (2001–2014), War in Afghanistan (1978–present), War in Afghanistan (2015–present) and War on Terrorism  ",1
France,Yemen,Undirected,2016,,,1,-,"2002  ","Ongoing  ","Operation Enduring Freedom – Horn of Africa  ",0
France,Nepal,Undirected,1972,,,1,-,"1996  ","2006  ","Nepalese Civil War  ",0
France,Libya,Undirected,1967,,,3,-,"2011  ","2011  ","Libyan Civil War (2011)  ",2
France,Democratic Republic of the Congo,Undirected,1966,,,1,-,"1960  ","1965  ","Congo Crisis  ",0
France,Mali,Undirected,1960,,,1,-,"1960  ","1965  ","Congo Crisis  ",0
France,Guinea,Undirected,1959,,,1,-,"1960  ","1965  ","Congo Crisis  ",0
France,Republic of Ireland,Undirected,1958,,,1,-,"1960  ","1965  ","Congo Crisis  ",0
France,Ghana,Undirected,1957,,,1,-,"1960  ","1965  ","Congo Crisis  ",0
France,Republic of the Congo,Undirected,1956,,,1,-,"1960  ","1965  ","Congo Crisis  ",0
France,North Korea,Undirected,1949,,,1,-,"1950  ","1953  ","Korean War  Part of the Korean conflict  ",0
France,Viet Minh,Undirected,1948,,,1,-,"1945  ","1946  ","War in Vietnam (1945–46)  ",0
France,Chile,Undirected,1947,,,1,-,"1939  ","1945  ","World War II  ",0
France,Liberia,Undirected,1906,,,6,-,"2010  ","2011  ","2010–2011 Ivorian crisis   Second Ivorian Civil War     ",5
France,Iraq,Undirected,1831,,,7,-,"2009  ","Ongoing  ","Boko Haram insurgency  ",6
France,Tunisia,Undirected,1680,,,3,-,"1961  ","1961  ","Bizerte crisis  ",2
France,Morocco,Undirected,1676,,,4,-,"1960  ","1965  ","Congo Crisis  ",3
France,Algeria,Undirected,1674,,,2,-,"1975  ","1991  ","Western Sahara War Part of the Western Sahara conflict  ",1
France,French Empire,Undirected,1622,,,3,-,"1815  ","1815  ","Hundred DaysWar of the Seventh Coalition  ",2
France,Russia,Undirected,1583,,,12,-,"2002  ","2007  ","First Ivorian Civil War  ",11
India,Yemen,Undirected,2242,,,1,-,"2002  ","Ongoing  ","Operation Enduring Freedom – Horn of Africa  ",0
India,North Korea,Undirected,2218,,,1,-,"1950  ","1953  ","Korean War  Part of the Korean conflict  ",0
India,Pakistan,Undirected,2209,,,9,-,"2002  ","Ongoing  ","Taliban insurgency Part of the War in Afghanistan (2001–2014), War in Afghanistan (1978–present), War in Afghanistan (2015–present) and War on Terrorism  ",8
India,Iran,Undirected,2190,,,2,-,"2002  ","Ongoing  ","Taliban insurgency Part of the War in Afghanistan (2001–2014), War in Afghanistan (1978–present), War in Afghanistan (2015–present) and War on Terrorism  ",1
India,Cuba,Undirected,2178,,,2,-,"1960  ","1965  ","Congo Crisis  ",1
India,Iraq,Undirected,2153,,,3,-,"1941  ","1941  ","Anglo-Iraqi WarPart of World War II  ",2
India,Nepal,Undirected,2048,,,3,-,"1996  ","2006  ","Nepalese Civil War  ",2
India,India,Undirected,2034,,,7,-,"1967  ","Ongoing  ","Naxalite–Maoist insurgency  ",6
India,Cambodia,Undirected,2033,,,1,-,"1643  ","1644  ","Cambodian–Dutch War  ",0
Hungary,Pakistan,Undirected,2455,,,1,-,"2002  ","Ongoing  ","Taliban insurgency Part of the War in Afghanistan (2001–2014), War in Afghanistan (1978–present), War in Afghanistan (2015–present) and War on Terrorism  ",0
Hungary,Thailand,Undirected,2401,,,1,-,"1950  ","1953  ","Korean War  Part of the Korean conflict  ",0
Hungary,Chile,Undirected,2392,,,1,-,"1939  ","1945  ","World War II  ",0
Hungary,Argentina,Undirected,2391,,,1,-,"1939  ","1945  ","World War II  ",0
Hungary,Saudi Arabia,Undirected,2390,,,1,-,"1939  ","1945  ","World War II  ",0
Hungary,Syria,Undirected,2389,,,1,-,"1939  ","1945  ","World War II  ",0
Hungary,Lebanon,Undirected,2388,,,1,-,"1939  ","1945  ","World War II  ",0
Hungary,Egypt,Undirected,2387,,,1,-,"1939  ","1945  ","World War II  ",0
Hungary,Venezuela,Undirected,2380,,,1,-,"1939  ","1945  ","World War II  ",0
Hungary,Uruguay,Undirected,2379,,,1,-,"1939  ","1945  ","World War II  ",0
Hungary,Paraguay,Undirected,2378,,,1,-,"1939  ","1945  ","World War II  ",0
Hungary,Ecuador,Undirected,2377,,,1,-,"1939  ","1945  ","World War II  ",0
Hungary,San Marino,Undirected,2376,,,1,-,"1939  ","1945  ","World War II  ",0
Hungary,Peru,Undirected,2366,,,1,-,"1939  ","1945  ","World War II  ",0
Hungary,Liberia,Undirected,2365,,,1,-,"1939  ","1945  ","World War II  ",0
Hungary,Iran,Undirected,2363,,,2,-,"2002  ","Ongoing  ","Taliban insurgency Part of the War in Afghanistan (2001–2014), War in Afghanistan (1978–present), War in Afghanistan (2015–present) and War on Terrorism  ",1
Hungary,Colombia,Undirected,2361,,,2,-,"1950  ","1953  ","Korean War  Part of the Korean conflict  ",1
Hungary,Bolivia,Undirected,2360,,,1,-,"1939  ","1945  ","World War II  ",0
Hungary,Iraq,Undirected,2359,,,1,-,"1939  ","1945  ","World War II  ",0
Hungary,Ethiopia,Undirected,2357,,,2,-,"1950  ","1953  ","Korean War  Part of the Korean conflict  ",1
Hungary,Brazil,Undirected,2356,,,1,-,"1939  ","1945  ","World War II  ",0
Hungary,Mexico,Undirected,2355,,,1,-,"1939  ","1945  ","World War II  ",0
Hungary,Philippines,Undirected,2353,,,2,-,"1950  ","1953  ","Korean War  Part of the Korean conflict  ",1
Hungary,Cuba,Undirected,2352,,,1,-,"1939  ","1945  ","World War II  ",0
Hungary,Guatemala,Undirected,2351,,,1,-,"1939  ","1945  ","World War II  ",0
Hungary,Nicaragua,Undirected,2346,,,1,-,"1939  ","1945  ","World War II  ",0
Hungary,Honduras,Undirected,2345,,,1,-,"1939  ","1945  ","World War II  ",0
Hungary,Haiti,Undirected,2344,,,1,-,"1939  ","1945  ","World War II  ",0
Hungary,Dominica,Undirected,2340,,,1,-,"1939  ","1945  ","World War II  ",0
Hungary,Costa Rica,Undirected,2339,,,1,-,"1939  ","1945  ","World War II  ",0
Hungary,Panama,Undirected,2338,,,1,-,"1939  ","1945  ","World War II  ",0
Hungary,British Empire,Undirected,2317,,,1,-,"1939  ","1945  ","World War II  ",0
Hungary,Russia,Undirected,2283,,,2,-,"1848  ","1849  ","Hungarian War of Independence  ",1
Slovenia,Iran,Undirected,2556,,,1,-,"2002  ","Ongoing  ","Taliban insurgency Part of the War in Afghanistan (2001–2014), War in Afghanistan (1978–present), War in Afghanistan (2015–present) and War on Terrorism  ",0
Slovenia,Pakistan,Undirected,2555,,,1,-,"2002  ","Ongoing  ","Taliban insurgency Part of the War in Afghanistan (2001–2014), War in Afghanistan (1978–present), War in Afghanistan (2015–present) and War on Terrorism  ",0
Poland,Pakistan,Undirected,2756,,,1,-,"2002  ","Ongoing  ","Taliban insurgency Part of the War in Afghanistan (2001–2014), War in Afghanistan (1978–present), War in Afghanistan (2015–present) and War on Terrorism  ",0
Poland,Iran,Undirected,2690,,,2,-,"2002  ","Ongoing  ","Taliban insurgency Part of the War in Afghanistan (2001–2014), War in Afghanistan (1978–present), War in Afghanistan (2015–present) and War on Terrorism  ",1
Poland,Colombia,Undirected,2688,,,2,-,"1950  ","1953  ","Korean War  Part of the Korean conflict  ",1
Poland,Ethiopia,Undirected,2685,,,2,-,"1950  ","1953  ","Korean War  Part of the Korean conflict  ",1
Poland,Philippines,Undirected,2681,,,2,-,"1950  ","1953  ","Korean War  Part of the Korean conflict  ",1
Poland,Thailand,Undirected,2644,,,2,-,"1950  ","1953  ","Korean War  Part of the Korean conflict  ",1
Poland,Japan,Undirected,2618,,,1,-,"1939  ","1945  ","World War II  ",0
Poland,Russia,Undirected,2558,,,4,-,"1919  ","1921  ","Polish–Soviet War  ",3
Poland,Poland,Undirected,2557,,,1,-,"1733  ","1738  ","War of the Polish Succession  ",0
Croatia,Pakistan,Undirected,2954,,,2,-,"2002  ","Ongoing  ","Taliban insurgency Part of the War in Afghanistan (2001–2014), War in Afghanistan (1978–present), War in Afghanistan (2015–present) and War on Terrorism  ",1
Croatia,Chile,Undirected,2862,,,1,-,"1939  ","1945  ","World War II  ",0
Croatia,Argentina,Undirected,2861,,,1,-,"1939  ","1945  ","World War II  ",0
Croatia,Saudi Arabia,Undirected,2860,,,1,-,"1939  ","1945  ","World War II  ",0
Croatia,Syria,Undirected,2859,,,1,-,"1939  ","1945  ","World War II  ",0
Croatia,Lebanon,Undirected,2858,,,1,-,"1939  ","1945  ","World War II  ",0
Croatia,Egypt,Undirected,2857,,,1,-,"1939  ","1945  ","World War II  ",0
Croatia,Venezuela,Undirected,2849,,,1,-,"1939  ","1945  ","World War II  ",0
Croatia,Uruguay,Undirected,2848,,,1,-,"1939  ","1945  ","World War II  ",0
Croatia,Paraguay,Undirected,2847,,,1,-,"1939  ","1945  ","World War II  ",0
Croatia,Ecuador,Undirected,2846,,,1,-,"1939  ","1945  ","World War II  ",0
Croatia,San Marino,Undirected,2845,,,1,-,"1939  ","1945  ","World War II  ",0
Croatia,Peru,Undirected,2826,,,1,-,"1939  ","1945  ","World War II  ",0
Croatia,Liberia,Undirected,2825,,,1,-,"1939  ","1945  ","World War II  ",0
Croatia,Iran,Undirected,2822,,,3,-,"2002  ","Ongoing  ","Taliban insurgency Part of the War in Afghanistan (2001–2014), War in Afghanistan (1978–present), War in Afghanistan (2015–present) and War on Terrorism  ",2
Croatia,Colombia,Undirected,2821,,,1,-,"1939  ","1945  ","World War II  ",0
Croatia,Bolivia,Undirected,2820,,,1,-,"1939  ","1945  ","World War II  ",0
Croatia,Iraq,Undirected,2819,,,1,-,"1939  ","1945  ","World War II  ",0
Croatia,Ethiopia,Undirected,2818,,,1,-,"1939  ","1945  ","World War II  ",0
Croatia,Brazil,Undirected,2817,,,1,-,"1939  ","1945  ","World War II  ",0
Croatia,Mexico,Undirected,2816,,,1,-,"1939  ","1945  ","World War II  ",0
Croatia,Philippines,Undirected,2815,,,1,-,"1939  ","1945  ","World War II  ",0
Croatia,Cuba,Undirected,2814,,,1,-,"1939  ","1945  ","World War II  ",0
Croatia,Guatemala,Undirected,2813,,,1,-,"1939  ","1945  ","World War II  ",0
Croatia,Nicaragua,Undirected,2808,,,1,-,"1939  ","1945  ","World War II  ",0
Croatia,Honduras,Undirected,2807,,,1,-,"1939  ","1945  ","World War II  ",0
Croatia,Haiti,Undirected,2806,,,1,-,"1939  ","1945  ","World War II  ",0
Croatia,Dominica,Undirected,2801,,,1,-,"1939  ","1945  ","World War II  ",0
Croatia,Costa Rica,Undirected,2800,,,1,-,"1939  ","1945  ","World War II  ",0
Croatia,Panama,Undirected,2799,,,1,-,"1939  ","1945  ","World War II  ",0
Croatia,Soviet Union,Undirected,2798,,,1,-,"1939  ","1945  ","World War II  ",0
Croatia,China,Undirected,2785,,,1,-,"1939  ","1945  ","World War II  ",0
Croatia,British Empire,Undirected,2780,,,1,-,"1939  ","1945  ","World War II  ",0
Austria,Iran,Undirected,3072,,,1,-,"2002  ","Ongoing  ","Taliban insurgency Part of the War in Afghanistan (2001–2014), War in Afghanistan (1978–present), War in Afghanistan (2015–present) and War on Terrorism  ",0
Austria,Pakistan,Undirected,3071,,,1,-,"2002  ","Ongoing  ","Taliban insurgency Part of the War in Afghanistan (2001–2014), War in Afghanistan (1978–present), War in Afghanistan (2015–present) and War on Terrorism  ",0
Austria,Austria,Undirected,2989,,,2,-,"1934  ","1934  ","July Putsch  ",1
Austria,China,Undirected,2985,,,1,-,"1899  ","1901  ","Boxer Rebellion  ",0
Austria,Egypt,Undirected,2981,,,1,-,"1839  ","1841  ","Egyptian–Ottoman War (1839–41)  ",0
Austria,French Empire,Undirected,2959,,,4,-,"1859  ","1859  ","Second Italian War of Independence  ",3
Austria,Serbia,Undirected,2956,,,3,-,"1807  ","1807  ","Tican's rebellion  ",2
Ethiopia,Yemen,Undirected,3208,,,1,-,"2002  ","Ongoing  ","Operation Enduring Freedom – Horn of Africa  ",0
Ethiopia,Eritrea,Undirected,3204,,,4,-,"2006  ","2009  ","War in Somalia (2006–09)Part of the Somali Civil War  ",3
Ethiopia,North Korea,Undirected,3175,,,1,-,"1950  ","1953  ","Korean War  Part of the Korean conflict  ",0
Ethiopia,Iraq,Undirected,3101,,,3,-,"1991  ","Ongoing  ","Somali Civil War  ",2
Ethiopia,Finland,Undirected,3100,,,1,-,"1939  ","1945  ","World War II  ",0
Ethiopia,Slovakia,Undirected,3094,,,1,-,"1939  ","1945  ","World War II  ",0
Ethiopia,Romania,Undirected,3091,,,3,-,"1950  ","1953  ","Korean War  Part of the Korean conflict  ",2
Ethiopia,Bulgaria,Undirected,3088,,,3,-,"1950  ","1953  ","Korean War  Part of the Korean conflict  ",2
Serbia,Bosnia and Herzegovina,Undirected,3277,,,1,-,"1991  ","1995  ","Croatian War of Independence  ",0
Serbia,Latvia,Undirected,3276,,,1,-,"1917  ","1922  ","Russian Civil War  ",0
Serbia,Estonia,Undirected,3275,,,1,-,"1917  ","1922  ","Russian Civil War  ",0
Serbia,Finland,Undirected,3274,,,1,-,"1917  ","1922  ","Russian Civil War  ",0
Serbia,Mongolia,Undirected,3273,,,1,-,"1917  ","1922  ","Russian Civil War  ",0
Serbia,Armenia,Undirected,3270,,,2,-,"1917  ","1922  ","Russian Civil War  ",1
Serbia,Macedonia,Undirected,3259,,,2,-,"1913  ","1913  ","Ohrid–Debar Uprising  ",1
Serbia,Bulgaria,Undirected,3252,,,4,-,"1914  ","1918  ","World War I  ",3
Serbia,French Empire,Undirected,3246,,,1,-,"1804  ","1813  ","First Serbian UprisingPart of the Serbian Revolution  ",0
Serbia,Russia,Undirected,3240,,,4,-,"1917  ","1922  ","Russian Civil War  ",3
Mexico,Guatemala,Undirected,3314,,,2,-,"1958  ","1959  ","Mexico–Guatemala conflict  ",1
Mexico,Thailand,Undirected,3298,,,1,-,"1939  ","1945  ","World War II  ",0
Mexico,Finland,Undirected,3295,,,1,-,"1939  ","1945  ","World War II  ",0
Mexico,Slovakia,Undirected,3292,,,1,-,"1939  ","1945  ","World War II  ",0
Mexico,Japan,Undirected,3287,,,1,-,"1939  ","1945  ","World War II  ",0
Mexico,Germany,Undirected,3285,,,2,-,"1939  ","1945  ","World War II  ",1
United States,Uzbekistan,Undirected,3715,,,2,-,"2004  ","Ongoing  ","War in North-West Pakistan  ",1
United States,Yemen,Undirected,3661,,,7,-,"2002  ","Ongoing  ","Operation Enduring Freedom – Horn of Africa  ",6
United States,Pakistan,Undirected,3656,,,5,-,"2004  ","Ongoing  ","War in North-West Pakistan  ",4
United States,Nepal,Undirected,3651,,,1,-,"1996  ","2006  ","Nepalese Civil War  ",0
United States,Grenada,Undirected,3638,,,1,-,"1983  ","1983  ","Invasion of Grenada  ",0
United States,Laos,Undirected,3637,,,1,-,"1975  ","Ongoing  ","Insurgency in Laos  ",0
United States,Vietnam,Undirected,3627,,,3,-,"1975  ","Ongoing  ","Insurgency in Laos  ",2
United States,Libya,Undirected,3625,,,2,-,"2011  ","2011  ","Libyan Civil War (2011)  ",1
United States,People's Republic of China,Undirected,3624,,,1,-,"1969  ","Ongoing  ","Insurgency of the Communist Party of the Philippines  ",0
United States,Sudan,Undirected,3615,,,3,-,"2003  ","Ongoing  ","War in Darfur  ",2
United States,North Vietnam,Undirected,3603,,,3,-,"1967  ","1975  ","Cambodian Civil War  ",2
United States,North Korea,Undirected,3593,,,4,-,"1969  ","Ongoing  ","Insurgency of the Communist Party of the Philippines  ",3
United States,Viet Minh,Undirected,3592,,,1,-,"1946  ","1955  ","First Indochina War Indochina Wars  ",0
United States,Cuba,Undirected,3545,,,4,-,"1983  ","1983  ","Invasion of Grenada  ",3
United States,Panama,Undirected,3537,,,2,-,"1989  ","1990  ","United States invasion of Panama  ",1
United States,Soviet Union,Undirected,3531,,,6,-,"1975  ","2002  ","Angolan Civil War  ",5
United States,Iraq,Undirected,3512,,,10,-,"2009  ","Ongoing  ","Boko Haram insurgency  ",9
United States,Russia,Undirected,3397,,,5,-,"2003  ","Ongoing  ","War in Darfur  ",4
United States,United States,Undirected,3388,,,1,-,"1887  ","1895  ","Hawaiian rebellions (1887–95)  ",0
United States,Fiji,Undirected,3358,,,2,-,"1859  ","1859  ","Second Fiji Expedition  ",1
Brazil,Dominica,Undirected,3778,,,2,-,"1965  ","1966  ","American occupation of the Dominican Republic (1965–66)  ",1
Brazil,Thailand,Undirected,3772,,,1,-,"1939  ","1945  ","World War II  ",0
Brazil,Finland,Undirected,3769,,,1,-,"1939  ","1945  ","World War II  ",0
Brazil,Slovakia,Undirected,3766,,,1,-,"1939  ","1945  ","World War II  ",0
Brazil,Germany,Undirected,3765,,,1,-,"1939  ","1945  ","World War II  ",0
Brazil,Japan,Undirected,3753,,,2,-,"1939  ","1945  ","World War II  ",1
Brazil,Brazil,Undirected,3729,,,4,-,"1967  ","1974  ","Araguaia Guerrilla War  ",3
Peru,Thailand,Undirected,3834,,,1,-,"1939  ","1945  ","World War II  ",0
Peru,Finland,Undirected,3831,,,1,-,"1939  ","1945  ","World War II  ",0
Peru,Slovakia,Undirected,3828,,,1,-,"1939  ","1945  ","World War II  ",0
Peru,Japan,Undirected,3823,,,1,-,"1939  ","1945  ","World War II  ",0
Peru,Germany,Undirected,3820,,,1,-,"1939  ","1945  ","World War II  ",0
Peru,Ecuador,Undirected,3814,,,6,-,"1995  ","1995  ","Cenepa War  ",5
Peru,Chile,Undirected,3811,,,3,-,"1879  ","1883  ","War of the Pacific  ",2
Russia,Qatar,Undirected,3997,,,1,-,"2011  ","Ongoing  ","Syrian Civil War  ",0
Russia,Saudi Arabia,Undirected,3996,,,1,-,"2011  ","Ongoing  ","Syrian Civil War  ",0
Russia,Iraq,Undirected,3994,,,2,-,"2017  ","Ongoing  ","Islamist insurgency in Mozambique  ",1
Russia,Chad,Undirected,3993,,,1,-,"2003  ","Ongoing  ","War in Darfur  ",0
Russia,Eritrea,Undirected,3992,,,1,-,"2003  ","Ongoing  ","War in Darfur  ",0
Russia,Yemen,Undirected,3975,,,1,-,"2002  ","Ongoing  ","Operation Enduring Freedom – Horn of Africa  ",0
Russia,Turkey,Undirected,3970,,,3,-,"2011  ","Ongoing  ","Syrian Civil War  ",2
Russia,Moldova,Undirected,3965,,,1,-,"1992  ","1992  ","War of Transnistria  ",0
Russia,Latvia,Undirected,3960,,,5,-,"1918  ","1920  ","Latvian War of IndependencePart of the Russian Civil War  ",4
Russia,Georgia,Undirected,3951,,,7,-,"2008  ","2008  ","Russo-Georgian war  ",6
Russia,Afghanistan,Undirected,3946,,,3,-,"1992  ","1997  ","Civil war in Tajikistan  ",2
Russia,Armenia,Undirected,3936,,,9,-,"1921  ","1921  ","Battle of Mountainous ArmeniaPart of the Russian Civil War  ",8
Russia,Romania,Undirected,3904,,,4,-,"1992  ","1992  ","War of Transnistria  ",3
Russia,Estonia,Undirected,3898,,,6,-,"1918  ","1920  ","Latvian War of IndependencePart of the Russian Civil War  ",5
Russia,British Empire,Undirected,3894,,,4,-,"1918  ","1920  ","Armenian–Azerbaijani WarPart of the Russian Civil War  ",3
Russia,Egypt,Undirected,3892,,,2,-,"1831  ","1833  ","Egyptian–Ottoman War (1831–33)  ",1
Russia,French Empire,Undirected,3872,,,6,-,"1853  ","1856  ","Crimean War  ",5
Russia,Russia,Undirected,3864,,,6,-,"1993  ","1993  ","1993 Russian constitutional crisis  ",5
Egypt,Indonesia,Undirected,4089,,,2,-,"1969  ","Ongoing  ","Moro insurgency in the Philippines  ",1
Egypt,Malaysia,Undirected,4087,,,2,-,"1969  ","Ongoing  ","Moro insurgency in the Philippines  ",1
Egypt,Libya,Undirected,4085,,,2,-,"1977  ","1977  ","Libyan–Egyptian War  ",1
Egypt,Yemen,Undirected,4075,,,1,-,"1962  ","1970  ","North Yemen Civil War  ",0
Egypt,Israel,Undirected,4070,,,5,-,"1973  ","1973  ","Yom Kippur War  ",4
Egypt,Philippines,Undirected,4047,,,3,-,"1969  ","Ongoing  ","Moro insurgency in the Philippines  ",2
Egypt,Thailand,Undirected,4026,,,1,-,"1939  ","1945  ","World War II  ",0
Egypt,Iraq,Undirected,4020,,,6,-,"2011  ","Ongoing  ","Sinai insurgency  ",5
Egypt,Finland,Undirected,4019,,,1,-,"1939  ","1945  ","World War II  ",0
Egypt,Slovakia,Undirected,4016,,,1,-,"1939  ","1945  ","World War II  ",0
Egypt,Japan,Undirected,4010,,,2,-,"1969  ","Ongoing  ","Moro insurgency in the Philippines  ",1
Egypt,Germany,Undirected,4009,,,1,-,"1939  ","1945  ","World War II  ",0
Egypt,Sudan,Undirected,4002,,,1,-,"1881  ","1899  ","Mahdist War  ",0
Cambodia,Thailand,Undirected,4096,,,1,-,"2008  ","2012  ","Cambodian–Thai border dispute  ",0
Cambodia,China,Undirected,4095,,,1,-,"1946  ","1955  ","First Indochina War Indochina Wars  ",0
Cambodia,Soviet Union,Undirected,4094,,,1,-,"1946  ","1955  ","First Indochina War Indochina Wars  ",0
Cambodia,Viet Minh,Undirected,4093,,,1,-,"1946  ","1955  ","First Indochina War Indochina Wars  ",0
Cambodia,Cambodia,Undirected,4092,,,1,-,"1841  ","1845  ","Siamese–Vietnamese War (1841–45)  ",0
Bulgaria,Libya,Undirected,4324,,,1,-,"2011  ","2011  ","Libyan Civil War (2011)  ",0
Bulgaria,Pakistan,Undirected,4323,,,1,-,"2002  ","Ongoing  ","Taliban insurgency Part of the War in Afghanistan (2001–2014), War in Afghanistan (1978–present), War in Afghanistan (2015–present) and War on Terrorism  ",0
Bulgaria,Chile,Undirected,4273,,,1,-,"1939  ","1945  ","World War II  ",0
Bulgaria,Thailand,Undirected,4247,,,2,-,"1950  ","1953  ","Korean War  Part of the Korean conflict  ",1
Bulgaria,Iran,Undirected,4230,,,3,-,"2002  ","Ongoing  ","Taliban insurgency Part of the War in Afghanistan (2001–2014), War in Afghanistan (1978–present), War in Afghanistan (2015–present) and War on Terrorism  ",2
Bulgaria,Colombia,Undirected,4227,,,3,-,"1950  ","1953  ","Korean War  Part of the Korean conflict  ",2
Bulgaria,Philippines,Undirected,4219,,,3,-,"1950  ","1953  ","Korean War  Part of the Korean conflict  ",2
Bulgaria,Bulgaria,Undirected,4187,,,4,-,"1939  ","1945  ","World War II  ",3
Bulgaria,Japan,Undirected,4169,,,2,-,"1939  ","1945  ","World War II  ",1
Bulgaria,French Empire,Undirected,4101,,,1,-,"1853  ","1856  ","Crimean War  ",0
Japan,Yemen,Undirected,4420,,,1,-,"2002  ","Ongoing  ","Operation Enduring Freedom – Horn of Africa  ",0
Japan,Chile,Undirected,4409,,,1,-,"1939  ","1945  ","World War II  ",0
Japan,Argentina,Undirected,4408,,,1,-,"1939  ","1945  ","World War II  ",0
Japan,Saudi Arabia,Undirected,4407,,,1,-,"1939  ","1945  ","World War II  ",0
Japan,Syria,Undirected,4406,,,1,-,"1939  ","1945  ","World War II  ",0
Japan,Lebanon,Undirected,4405,,,1,-,"1939  ","1945  ","World War II  ",0
Japan,Venezuela,Undirected,4402,,,1,-,"1939  ","1945  ","World War II  ",0
Japan,Uruguay,Undirected,4401,,,1,-,"1939  ","1945  ","World War II  ",0
Japan,Paraguay,Undirected,4400,,,1,-,"1939  ","1945  ","World War II  ",0
Japan,Ecuador,Undirected,4399,,,1,-,"1939  ","1945  ","World War II  ",0
Japan,Liberia,Undirected,4398,,,1,-,"1939  ","1945  ","World War II  ",0
Japan,Iran,Undirected,4397,,,1,-,"1939  ","1945  ","World War II  ",0
Japan,Colombia,Undirected,4396,,,1,-,"1939  ","1945  ","World War II  ",0
Japan,Bolivia,Undirected,4395,,,1,-,"1939  ","1945  ","World War II  ",0
Japan,Iraq,Undirected,4393,,,2,-,"1969  ","Ongoing  ","Moro insurgency in the Philippines  ",1
Japan,Cuba,Undirected,4388,,,1,-,"1939  ","1945  ","World War II  ",0
Japan,Guatemala,Undirected,4387,,,1,-,"1939  ","1945  ","World War II  ",0
Japan,Nicaragua,Undirected,4386,,,1,-,"1939  ","1945  ","World War II  ",0
Japan,Honduras,Undirected,4385,,,1,-,"1939  ","1945  ","World War II  ",0
Japan,Haiti,Undirected,4384,,,1,-,"1939  ","1945  ","World War II  ",0
Japan,El Salvador,Undirected,4383,,,1,-,"1939  ","1945  ","World War II  ",0
Japan,Dominica,Undirected,4382,,,1,-,"1939  ","1945  ","World War II  ",0
Japan,Costa Rica,Undirected,4381,,,1,-,"1939  ","1945  ","World War II  ",0
Japan,Panama,Undirected,4380,,,1,-,"1939  ","1945  ","World War II  ",0
Japan,Luxembourg,Undirected,4379,,,1,-,"1939  ","1945  ","World War II  ",0
Japan,Soviet Union,Undirected,4376,,,3,-,"1939  ","1945  ","World War II  ",2
Japan,Latvia,Undirected,4375,,,1,-,"1917  ","1922  ","Russian Civil War  ",0
Japan,Estonia,Undirected,4374,,,1,-,"1917  ","1922  ","Russian Civil War  ",0
Japan,Finland,Undirected,4373,,,1,-,"1917  ","1922  ","Russian Civil War  ",0
Japan,Mongolia,Undirected,4371,,,2,-,"1939  ","1939  ","Battle of Khalkhin Gol  ",1
Japan,San Marino,Undirected,4369,,,2,-,"1939  ","1945  ","World War II  ",1
Japan,Armenia,Undirected,4367,,,2,-,"1917  ","1922  ","Russian Civil War  ",1
Japan,Albania,Undirected,4365,,,2,-,"1939  ","1945  ","World War II  ",1
Japan,Romania,Undirected,4360,,,2,-,"1939  ","1945  ","World War II  ",1
Japan,French Empire,Undirected,4333,,,1,-,"1868  ","1869  ","Boshin WarWar of the Year of the DragonPart of the Japanese Civil War  ",0
Japan,British Empire,Undirected,4328,,,5,-,"1939  ","1945  ","World War II  ",4
Japan,Japan,Undirected,4326,,,2,-,"1884  ","1884  ","Chichibu Incident  ",1
Albania,Pakistan,Undirected,4586,,,1,-,"2002  ","Ongoing  ","Taliban insurgency Part of the War in Afghanistan (2001–2014), War in Afghanistan (1978–present), War in Afghanistan (2015–present) and War on Terrorism  ",0
Albania,Albania,Undirected,4539,,,1,-,"1997  ","1997  ","Albanian Rebellion of 1997  ",0
Albania,Iran,Undirected,4523,,,2,-,"2002  ","Ongoing  ","Taliban insurgency Part of the War in Afghanistan (2001–2014), War in Afghanistan (1978–present), War in Afghanistan (2015–present) and War on Terrorism  ",1
Albania,Thailand,Undirected,4504,,,1,-,"1939  ","1945  ","World War II  ",0
British Empire,Thailand,Undirected,4637,,,1,-,"1939  ","1945  ","World War II  ",0
British Empire,Finland,Undirected,4636,,,1,-,"1939  ","1945  ","World War II  ",0
British Empire,Slovakia,Undirected,4635,,,1,-,"1939  ","1945  ","World War II  ",0
British Empire,Germany,Undirected,4634,,,1,-,"1939  ","1945  ","World War II  ",0
British Empire,Azerbaijan,Undirected,4630,,,1,-,"1918  ","1920  ","Armenian–Azerbaijani WarPart of the Russian Civil War  ",0
British Empire,Benin,Undirected,4615,,,1,-,"1897  ","1897  ","Benin Expedition of 1897  ",0
British Empire,Sudan,Undirected,4606,,,1,-,"1881  ","1899  ","Mahdist War  ",0
British Empire,Jamaica,Undirected,4605,,,1,-,"1865  ","1865  ","Morant Bay rebellion  ",0
British Empire,Bhutan,Undirected,4604,,,1,-,"1864  ","1865  ","Bhutan War  ",0
British Empire,Afghanistan,Undirected,4593,,,3,-,"1919  ","1919  ","Third Anglo-Afghan War  ",2
Mali,Niger,Undirected,4683,,,2,-,"2007  ","2009  ","Tuareg rebellion (2007–09)   part of the Tuareg rebellion     ",1
Mali,Cuba,Undirected,4666,,,1,-,"1960  ","1965  ","Congo Crisis  ",0
Mali,China,Undirected,4665,,,1,-,"1960  ","1965  ","Congo Crisis  ",0
Mali,Belgium,Undirected,4662,,,1,-,"1960  ","1965  ","Congo Crisis  ",0
Oman,Oman,Undirected,4685,,,1,-,"1954  ","1959  ","Jebel Akhdar War  ",0
China,Yemen,Undirected,4852,,,1,-,"2002  ","Ongoing  ","Operation Enduring Freedom – Horn of Africa  ",0
China,Democratic Republic of the Congo,Undirected,4847,,,1,-,"1960  ","1965  ","Congo Crisis  ",0
China,Guinea,Undirected,4842,,,1,-,"1960  ","1965  ","Congo Crisis  ",0
China,Republic of Ireland,Undirected,4841,,,1,-,"1960  ","1965  ","Congo Crisis  ",0
China,Morocco,Undirected,4840,,,1,-,"1960  ","1965  ","Congo Crisis  ",0
China,Tunisia,Undirected,4839,,,1,-,"1960  ","1965  ","Congo Crisis  ",0
China,Ghana,Undirected,4838,,,1,-,"1960  ","1965  ","Congo Crisis  ",0
China,Republic of the Congo,Undirected,4837,,,1,-,"1960  ","1965  ","Congo Crisis  ",0
China,South Vietnam,Undirected,4834,,,2,-,"1974  ","1974  ","Battle of the Paracel Islands  ",1
China,Laos,Undirected,4828,,,2,-,"1955  ","1975  ","Vietnam War  ",1
China,Vietnam,Undirected,4824,,,4,-,"1979  ","1990  ","Sino-Vietnamese conflicts 1979–90  ",3
China,Chile,Undirected,4823,,,1,-,"1939  ","1945  ","World War II  ",0
China,Liberia,Undirected,4797,,,3,-,"1960  ","1965  ","Congo Crisis  ",2
China,Colombia,Undirected,4791,,,3,-,"1950  ","1953  ","Korean War  Part of the Korean conflict  ",2
China,Philippines,Undirected,4786,,,3,-,"1950  ","1953  ","Korean War  Part of the Korean conflict  ",2
China,Cuba,Undirected,4783,,,3,-,"1975  ","2002  ","Angolan Civil War  ",2
China,Luxembourg,Undirected,4760,,,3,-,"1950  ","1953  ","Korean War  Part of the Korean conflict  ",2
China,Iraq,Undirected,4746,,,4,-,"2009  ","Ongoing  ","Boko Haram insurgency  ",3
China,Slovakia,Undirected,4745,,,1,-,"1939  ","1945  ","World War II  ",0
China,Soviet Union,Undirected,4715,,,8,-,"1975  ","2002  ","Angolan Civil War  ",7
China,People's Republic of China,Undirected,4712,,,3,-,"1950  ","1958  ","Kuomintang Islamic insurgency  ",2
China,Latvia,Undirected,4711,,,1,-,"1917  ","1922  ","Russian Civil War  ",0
China,Estonia,Undirected,4710,,,1,-,"1917  ","1922  ","Russian Civil War  ",0
China,Finland,Undirected,4708,,,2,-,"1939  ","1945  ","World War II  ",1
China,Mongolia,Undirected,4706,,,2,-,"1944  ","1949  ","Ili Rebellion  ",1
China,Armenia,Undirected,4705,,,1,-,"1917  ","1922  ","Russian Civil War  ",0
China,China,Undirected,4692,,,7,-,"1944  ","1949  ","Ili Rebellion  ",6
China,French Empire,Undirected,4691,,,1,-,"1856  ","1860  ","Second Opium WarArrow War  ",0
Armenia,Iran,Undirected,4994,,,1,-,"2002  ","Ongoing  ","Taliban insurgency Part of the War in Afghanistan (2001–2014), War in Afghanistan (1978–present), War in Afghanistan (2015–present) and War on Terrorism  ",0
Armenia,Pakistan,Undirected,4993,,,1,-,"2002  ","Ongoing  ","Taliban insurgency Part of the War in Afghanistan (2001–2014), War in Afghanistan (1978–present), War in Afghanistan (2015–present) and War on Terrorism  ",0
Armenia,Azerbaijan,Undirected,4941,,,9,-,"2018  ","2018  ","2018 Armenian–Azerbaijani clashes  ",8
Armenia,Armenia,Undirected,4921,,,4,-,"1921  ","1921  ","February UprisingPart of the Russian Civil War  ",3
Algeria,Mauritania,Undirected,5007,,,1,-,"1975  ","1991  ","Western Sahara War Part of the Western Sahara conflict  ",0
Algeria,Israel,Undirected,4999,,,2,-,"1973  ","1973  ","Yom Kippur War  ",1
Algeria,Morocco,Undirected,4996,,,3,-,"1975  ","1991  ","Western Sahara War Part of the Western Sahara conflict  ",2
Canada,Libya,Undirected,5242,,,1,-,"2011  ","2011  ","Libyan Civil War (2011)  ",0
Canada,Yemen,Undirected,5225,,,1,-,"2002  ","Ongoing  ","Operation Enduring Freedom – Horn of Africa  ",0
Canada,Pakistan,Undirected,5183,,,3,-,"2002  ","Ongoing  ","Taliban insurgency Part of the War in Afghanistan (2001–2014), War in Afghanistan (1978–present), War in Afghanistan (2015–present) and War on Terrorism  ",2
Canada,North Korea,Undirected,5162,,,1,-,"1950  ","1953  ","Korean War  Part of the Korean conflict  ",0
Canada,Cuba,Undirected,5131,,,2,-,"1960  ","1965  ","Congo Crisis  ",1
Canada,Iraq,Undirected,5106,,,4,-,"2009  ","Ongoing  ","Boko Haram insurgency  ",3
Australia,Yemen,Undirected,5527,,,1,-,"2002  ","Ongoing  ","Operation Enduring Freedom – Horn of Africa  ",0
Australia,Pakistan,Undirected,5454,,,4,-,"2002  ","Ongoing  ","Taliban insurgency Part of the War in Afghanistan (2001–2014), War in Afghanistan (1978–present), War in Afghanistan (2015–present) and War on Terrorism  ",3
Australia,North Vietnam,Undirected,5430,,,1,-,"1955  ","1975  ","Vietnam War  ",0
Australia,North Korea,Undirected,5420,,,2,-,"1955  ","1975  ","Vietnam War  ",1
Australia,Iran,Undirected,5394,,,4,-,"2002  ","Ongoing  ","Taliban insurgency Part of the War in Afghanistan (2001–2014), War in Afghanistan (1978–present), War in Afghanistan (2015–present) and War on Terrorism  ",3
Australia,Soviet Union,Undirected,5372,,,2,-,"1950  ","1953  ","Korean War  Part of the Korean conflict  ",1
Nepal,Indonesia,Undirected,5539,,,1,-,"1996  ","2006  ","Nepalese Civil War  ",0
Nepal,United Kingdom,Undirected,5538,,,1,-,"1996  ","2006  ","Nepalese Civil War  ",0
Nepal,Nepal,Undirected,5537,,,1,-,"1996  ","2006  ","Nepalese Civil War  ",0
Haiti,Thailand,Undirected,5553,,,1,-,"1939  ","1945  ","World War II  ",0
Haiti,Finland,Undirected,5550,,,1,-,"1939  ","1945  ","World War II  ",0
Haiti,Slovakia,Undirected,5549,,,1,-,"1939  ","1945  ","World War II  ",0
Haiti,Germany,Undirected,5544,,,1,-,"1939  ","1945  ","World War II  ",0
Haiti,Haiti,Undirected,5541,,,1,-,"1822  ","1844  ","Haitian occupation of Santo Domingo  ",0
Haiti,French Empire,Undirected,5540,,,1,-,"1805  ","1805  ","Haitian invasion of Santo Domingo  ",0
United Kingdom,Libya,Undirected,5839,,,1,-,"2011  ","2011  ","Libyan Civil War (2011)  ",0
United Kingdom,Pakistan,Undirected,5734,,,4,-,"2002  ","Ongoing  ","Taliban insurgency Part of the War in Afghanistan (2001–2014), War in Afghanistan (1978–present), War in Afghanistan (2015–present) and War on Terrorism  ",3
United Kingdom,Liberia,Undirected,5733,,,1,-,"1991  ","2002  ","Sierra Leone Civil War  ",0
United Kingdom,Argentina,Undirected,5729,,,1,-,"1982  ","1982  ","Falklands War  ",0
United Kingdom,Yemen,Undirected,5716,,,2,-,"2002  ","Ongoing  ","Operation Enduring Freedom – Horn of Africa  ",1
United Kingdom,Soviet Union,Undirected,5672,,,1,-,"1950  ","1953  ","Korean War  Part of the Korean conflict  ",0
United Kingdom,North Korea,Undirected,5671,,,1,-,"1950  ","1953  ","Korean War  Part of the Korean conflict  ",0
United Kingdom,Viet Minh,Undirected,5658,,,1,-,"1945  ","1946  ","War in Vietnam (1945–46)  ",0
United Kingdom,Iraq,Undirected,5644,,,3,-,"2009  ","Ongoing  ","Boko Haram insurgency  ",2
United Kingdom,Venezuela,Undirected,5610,,,1,-,"1902  ","1903  ","Venezuelan crisis of 1902–03  ",0
Italy,Libya,Undirected,6129,,,1,-,"2011  ","2011  ","Libyan Civil War (2011)  ",0
Italy,Pakistan,Undirected,6123,,,3,-,"2002  ","Ongoing  ","Taliban insurgency Part of the War in Afghanistan (2001–2014), War in Afghanistan (1978–present), War in Afghanistan (2015–present) and War on Terrorism  ",2
Italy,Yemen,Undirected,6116,,,1,-,"2002  ","Ongoing  ","Operation Enduring Freedom – Horn of Africa  ",0
Italy,North Korea,Undirected,6030,,,1,-,"1950  ","1953  ","Korean War  Part of the Korean conflict  ",0
Italy,Chile,Undirected,6029,,,1,-,"1939  ","1945  ","World War II  ",0
Italy,Iran,Undirected,5982,,,4,-,"2002  ","Ongoing  ","Taliban insurgency Part of the War in Afghanistan (2001–2014), War in Afghanistan (1978–present), War in Afghanistan (2015–present) and War on Terrorism  ",3
Italy,Soviet Union,Undirected,5925,,,5,-,"1950  ","1953  ","Korean War  Part of the Korean conflict  ",4
Italy,Eritrea,Undirected,5857,,,1,-,"1895  ","1896  ","First Italo-Ethiopian War  ",0
Bolivia,Thailand,Undirected,6144,,,1,-,"1939  ","1945  ","World War II  ",0
Bolivia,Finland,Undirected,6141,,,1,-,"1939  ","1945  ","World War II  ",0
Bolivia,Slovakia,Undirected,6140,,,1,-,"1939  ","1945  ","World War II  ",0
Bolivia,Germany,Undirected,6137,,,1,-,"1939  ","1945  ","World War II  ",0
Bolivia,Chile,Undirected,6131,,,2,-,"1879  ","1883  ","War of the Pacific  ",1
Argentina,Thailand,Undirected,6183,,,1,-,"1939  ","1945  ","World War II  ",0
Argentina,Finland,Undirected,6180,,,1,-,"1939  ","1945  ","World War II  ",0
Argentina,Slovakia,Undirected,6179,,,1,-,"1939  ","1945  ","World War II  ",0
Argentina,Germany,Undirected,6176,,,1,-,"1939  ","1945  ","World War II  ",0
Chile,Thailand,Undirected,6217,,,1,-,"1939  ","1945  ","World War II  ",0
Chile,Iraq,Undirected,6216,,,1,-,"1939  ","1945  ","World War II  ",0
Chile,Finland,Undirected,6215,,,1,-,"1939  ","1945  ","World War II  ",0
Chile,Slovakia,Undirected,6214,,,1,-,"1939  ","1945  ","World War II  ",0
Chile,Romania,Undirected,6213,,,1,-,"1939  ","1945  ","World War II  ",0
Chile,Germany,Undirected,6212,,,1,-,"1939  ","1945  ","World War II  ",0
Chile,Chile,Undirected,6207,,,4,-,"1931  ","1931  ","Chilean naval mutiny of 1931  ",3
Paraguay,Dominica,Undirected,6236,,,2,-,"1965  ","1966  ","American occupation of the Dominican Republic (1965–66)  ",1
Paraguay,Thailand,Undirected,6227,,,1,-,"1939  ","1945  ","World War II  ",0
Paraguay,Finland,Undirected,6224,,,1,-,"1939  ","1945  ","World War II  ",0
Paraguay,Slovakia,Undirected,6223,,,1,-,"1939  ","1945  ","World War II  ",0
Paraguay,Germany,Undirected,6220,,,1,-,"1939  ","1945  ","World War II  ",0
Venezuela,Thailand,Undirected,6266,,,1,-,"1939  ","1945  ","World War II  ",0
Venezuela,Finland,Undirected,6263,,,1,-,"1939  ","1945  ","World War II  ",0
Venezuela,Slovakia,Undirected,6262,,,1,-,"1939  ","1945  ","World War II  ",0
Venezuela,Germany,Undirected,6259,,,1,-,"1939  ","1945  ","World War II  ",0
Venezuela,Venezuela,Undirected,6258,,,1,-,"1859  ","1863  ","Federal War  ",0
Colombia,North Korea,Undirected,6333,,,1,-,"1950  ","1953  ","Korean War  Part of the Korean conflict  ",0
Colombia,Soviet Union,Undirected,6312,,,2,-,"1950  ","1953  ","Korean War  Part of the Korean conflict  ",1
Colombia,Finland,Undirected,6299,,,1,-,"1939  ","1945  ","World War II  ",0
Colombia,Slovakia,Undirected,6298,,,1,-,"1939  ","1945  ","World War II  ",0
Colombia,Romania,Undirected,6295,,,3,-,"1950  ","1953  ","Korean War  Part of the Korean conflict  ",2
Colombia,Germany,Undirected,6294,,,1,-,"1939  ","1945  ","World War II  ",0
Colombia,Colombia,Undirected,6292,,,2,-,"1899  ","1902  ","Thousand Days' War  ",1
Afghanistan,Iran,Undirected,6342,,,3,-,"2002  ","Ongoing  ","Taliban insurgency Part of the War in Afghanistan (2001–2014), War in Afghanistan (1978–present), War in Afghanistan (2015–present) and War on Terrorism  ",2
Afghanistan,Pakistan,Undirected,6339,,,3,-,"2017  ","2017  ","2017 Afghanistan–Pakistan border skirmishPart of the Pakistan-Afghanistan skirmishes  ",2
Afghanistan,Afghanistan,Undirected,6338,,,1,-,"1996  ","2001  ","Civil war in Afghanistan (1996–2001)  ",0
Afghanistan,Uzbekistan,Undirected,6337,,,1,-,"1992  ","1997  ","Civil war in Tajikistan  ",0
Afghanistan,Tajikistan,Undirected,6336,,,1,-,"1992  ","1997  ","Civil war in Tajikistan  ",0
Afghanistan,Soviet Union,Undirected,6335,,,1,-,"1916  ","1934  ","Basmachi movementPart of World War I and Russian Civil War  ",0
Honduras,Dominica,Undirected,6439,,,2,-,"1965  ","1966  ","American occupation of the Dominican Republic (1965–66)  ",1
Honduras,Thailand,Undirected,6432,,,1,-,"1939  ","1945  ","World War II  ",0
Honduras,Finland,Undirected,6429,,,1,-,"1939  ","1945  ","World War II  ",0
Honduras,Slovakia,Undirected,6428,,,1,-,"1939  ","1945  ","World War II  ",0
Honduras,Germany,Undirected,6425,,,1,-,"1939  ","1945  ","World War II  ",0
Honduras,El Salvador,Undirected,6422,,,3,-,"1969  ","1969  ","Football War  ",2
Jamaica,Cuba,Undirected,6453,,,1,-,"1983  ","1983  ","Invasion of Grenada  ",0
Jamaica,Grenada,Undirected,6452,,,1,-,"1983  ","1983  ","Invasion of Grenada  ",0
Dominica,Grenada,Undirected,6493,,,1,-,"1983  ","1983  ","Invasion of Grenada  ",0
Dominica,Cuba,Undirected,6481,,,2,-,"1983  ","1983  ","Invasion of Grenada  ",1
Dominica,Nicaragua,Undirected,6478,,,2,-,"1965  ","1966  ","American occupation of the Dominican Republic (1965–66)  ",1
Dominica,El Salvador,Undirected,6476,,,2,-,"1965  ","1966  ","American occupation of the Dominican Republic (1965–66)  ",1
Dominica,Costa Rica,Undirected,6474,,,2,-,"1965  ","1966  ","American occupation of the Dominican Republic (1965–66)  ",1
Dominica,Thailand,Undirected,6467,,,1,-,"1939  ","1945  ","World War II  ",0
Dominica,Finland,Undirected,6464,,,1,-,"1939  ","1945  ","World War II  ",0
Dominica,Slovakia,Undirected,6463,,,1,-,"1939  ","1945  ","World War II  ",0
Dominica,Germany,Undirected,6460,,,1,-,"1939  ","1945  ","World War II  ",0
Dominica,Dominica,Undirected,6458,,,2,-,"1965  ","1965  ","Dominican Civil War  ",1
Morocco,Israel,Undirected,6510,,,2,-,"1973  ","1973  ","Yom Kippur War  ",1
Morocco,Cuba,Undirected,6500,,,1,-,"1960  ","1965  ","Congo Crisis  ",0
Morocco,Belgium,Undirected,6497,,,1,-,"1960  ","1965  ","Congo Crisis  ",0
Uruguay,Thailand,Undirected,6531,,,1,-,"1939  ","1945  ","World War II  ",0
Uruguay,Finland,Undirected,6528,,,1,-,"1939  ","1945  ","World War II  ",0
Uruguay,Slovakia,Undirected,6527,,,1,-,"1939  ","1945  ","World War II  ",0
Uruguay,Germany,Undirected,6524,,,1,-,"1939  ","1945  ","World War II  ",0
Montenegro,Iran,Undirected,6626,,,1,-,"2002  ","Ongoing  ","Taliban insurgency Part of the War in Afghanistan (2001–2014), War in Afghanistan (1978–present), War in Afghanistan (2015–present) and War on Terrorism  ",0
Montenegro,Pakistan,Undirected,6625,,,1,-,"2002  ","Ongoing  ","Taliban insurgency Part of the War in Afghanistan (2001–2014), War in Afghanistan (1978–present), War in Afghanistan (2015–present) and War on Terrorism  ",0
Nicaragua,Thailand,Undirected,6642,,,1,-,"1939  ","1945  ","World War II  ",0
Nicaragua,Finland,Undirected,6639,,,1,-,"1939  ","1945  ","World War II  ",0
Nicaragua,Slovakia,Undirected,6638,,,1,-,"1939  ","1945  ","World War II  ",0
Nicaragua,Germany,Undirected,6635,,,1,-,"1939  ","1945  ","World War II  ",0
Nicaragua,Nicaragua,Undirected,6634,,,1,-,"1926  ","1927  ","Nicaraguan civil war (1926-1927)  ",0
Costa Rica,Thailand,Undirected,6670,,,1,-,"1939  ","1945  ","World War II  ",0
Costa Rica,Finland,Undirected,6667,,,1,-,"1939  ","1945  ","World War II  ",0
Costa Rica,Slovakia,Undirected,6666,,,1,-,"1939  ","1945  ","World War II  ",0
Costa Rica,Germany,Undirected,6663,,,1,-,"1939  ","1945  ","World War II  ",0
Guatemala,Thailand,Undirected,6696,,,1,-,"1939  ","1945  ","World War II  ",0
Guatemala,Finland,Undirected,6693,,,1,-,"1939  ","1945  ","World War II  ",0
Guatemala,Slovakia,Undirected,6692,,,1,-,"1939  ","1945  ","World War II  ",0
Guatemala,Germany,Undirected,6689,,,1,-,"1939  ","1945  ","World War II  ",0
El Salvador,Pakistan,Undirected,6802,,,1,-,"2002  ","Ongoing  ","Taliban insurgency Part of the War in Afghanistan (2001–2014), War in Afghanistan (1978–present), War in Afghanistan (2015–present) and War on Terrorism  ",0
El Salvador,Iran,Undirected,6749,,,2,-,"2002  ","Ongoing  ","Taliban insurgency Part of the War in Afghanistan (2001–2014), War in Afghanistan (1978–present), War in Afghanistan (2015–present) and War on Terrorism  ",1
El Salvador,Thailand,Undirected,6732,,,1,-,"1939  ","1945  ","World War II  ",0
Ecuador,Thailand,Undirected,6810,,,1,-,"1939  ","1945  ","World War II  ",0
Ecuador,Finland,Undirected,6807,,,1,-,"1939  ","1945  ","World War II  ",0
Ecuador,Slovakia,Undirected,6806,,,1,-,"1939  ","1945  ","World War II  ",0
Ecuador,Germany,Undirected,6803,,,1,-,"1939  ","1945  ","World War II  ",0
Estonia,Iran,Undirected,6902,,,1,-,"2002  ","Ongoing  ","Taliban insurgency Part of the War in Afghanistan (2001–2014), War in Afghanistan (1978–present), War in Afghanistan (2015–present) and War on Terrorism  ",0
Estonia,Pakistan,Undirected,6901,,,1,-,"2002  ","Ongoing  ","Taliban insurgency Part of the War in Afghanistan (2001–2014), War in Afghanistan (1978–present), War in Afghanistan (2015–present) and War on Terrorism  ",0
Estonia,Estonia,Undirected,6856,,,1,-,"1918  ","1920  ","Estonian War of IndependencePart of the Russian Civil War  ",0
New Zealand,Pakistan,Undirected,7023,,,2,-,"2002  ","Ongoing  ","Taliban insurgency Part of the War in Afghanistan (2001–2014), War in Afghanistan (1978–present), War in Afghanistan (2015–present) and War on Terrorism  ",1
New Zealand,Yemen,Undirected,7016,,,1,-,"2002  ","Ongoing  ","Operation Enduring Freedom – Horn of Africa  ",0
New Zealand,North Vietnam,Undirected,6971,,,1,-,"1955  ","1975  ","Vietnam War  ",0
New Zealand,North Korea,Undirected,6965,,,2,-,"1955  ","1975  ","Vietnam War  ",1
New Zealand,Iran,Undirected,6952,,,2,-,"2002  ","Ongoing  ","Taliban insurgency Part of the War in Afghanistan (2001–2014), War in Afghanistan (1978–present), War in Afghanistan (2015–present) and War on Terrorism  ",1
New Zealand,Soviet Union,Undirected,6946,,,2,-,"1950  ","1953  ","Korean War  Part of the Korean conflict  ",1
Cuba,Saint Vincent and the Grenadines,Undirected,7077,,,1,-,"1983  ","1983  ","Invasion of Grenada  ",0
Cuba,Saint Lucia,Undirected,7076,,,1,-,"1983  ","1983  ","Invasion of Grenada  ",0
Cuba,Barbados,Undirected,7075,,,1,-,"1983  ","1983  ","Invasion of Grenada  ",0
Cuba,Antigua and Barbuda,Undirected,7074,,,1,-,"1983  ","1983  ","Invasion of Grenada  ",0
Cuba,Somalia,Undirected,7073,,,1,-,"1977  ","1978  ","Ethio-Somali War  ",0
Cuba,Israel,Undirected,7068,,,2,-,"1973  ","1973  ","Yom Kippur War  ",1
Cuba,Cuba,Undirected,7065,,,1,-,"1961  ","1961  ","Bay of Pigs Invasion  ",0
Cuba,Democratic Republic of the Congo,Undirected,7064,,,1,-,"1960  ","1965  ","Congo Crisis  ",0
Cuba,Indonesia,Undirected,7063,,,1,-,"1960  ","1965  ","Congo Crisis  ",0
Cuba,Sudan,Undirected,7062,,,1,-,"1960  ","1965  ","Congo Crisis  ",0
Cuba,Guinea,Undirected,7061,,,1,-,"1960  ","1965  ","Congo Crisis  ",0
Cuba,Republic of Ireland,Undirected,7060,,,1,-,"1960  ","1965  ","Congo Crisis  ",0
Cuba,Tunisia,Undirected,7059,,,1,-,"1960  ","1965  ","Congo Crisis  ",0
Cuba,Ghana,Undirected,7058,,,1,-,"1960  ","1965  ","Congo Crisis  ",0
Cuba,Republic of the Congo,Undirected,7057,,,1,-,"1960  ","1965  ","Congo Crisis  ",0
Cuba,Liberia,Undirected,7050,,,2,-,"1960  ","1965  ","Congo Crisis  ",1
Cuba,Belgium,Undirected,7039,,,2,-,"1960  ","1965  ","Congo Crisis  ",1
Cuba,Thailand,Undirected,7038,,,1,-,"1939  ","1945  ","World War II  ",0
Cuba,Finland,Undirected,7034,,,1,-,"1939  ","1945  ","World War II  ",0
Cuba,Slovakia,Undirected,7033,,,1,-,"1939  ","1945  ","World War II  ",0
Romania,Libya,Undirected,7251,,,1,-,"2011  ","2011  ","Libyan Civil War (2011)  ",0
Romania,Pakistan,Undirected,7249,,,2,-,"2002  ","Ongoing  ","Taliban insurgency Part of the War in Afghanistan (2001–2014), War in Afghanistan (1978–present), War in Afghanistan (2015–present) and War on Terrorism  ",1
Romania,Thailand,Undirected,7159,,,2,-,"1950  ","1953  ","Korean War  Part of the Korean conflict  ",1
Romania,Iran,Undirected,7139,,,4,-,"2002  ","Ongoing  ","Taliban insurgency Part of the War in Afghanistan (2001–2014), War in Afghanistan (1978–present), War in Afghanistan (2015–present) and War on Terrorism  ",3
Romania,Philippines,Undirected,7133,,,3,-,"1950  ","1953  ","Korean War  Part of the Korean conflict  ",2
Romania,Soviet Union,Undirected,7120,,,4,-,"1940  ","1940  ","Soviet occupation of Bessarabia and Northern BukovinaPart of World War II  ",3
Tunisia,Belgium,Undirected,7253,,,1,-,"1960  ","1965  ","Congo Crisis  ",0
Sudan,Sudan,Undirected,7312,,,2,-,"2012  ","2012  ","Heglig Crisis  ",1
Sudan,Chad,Undirected,7307,,,1,-,"2003  ","Ongoing  ","War in Darfur  ",0
Sudan,Eritrea,Undirected,7306,,,1,-,"2003  ","Ongoing  ","War in Darfur  ",0
Sudan,Yemen,Undirected,7288,,,1,-,"2002  ","Ongoing  ","Operation Enduring Freedom – Horn of Africa  ",0
Sudan,Israel,Undirected,7278,,,1,-,"1967  ","1967  ","Six-Day War  ",0
Belgium,Libya,Undirected,7434,,,1,-,"2011  ","2011  ","Libyan Civil War (2011)  ",0
Belgium,Pakistan,Undirected,7429,,,2,-,"2002  ","Ongoing  ","Taliban insurgency Part of the War in Afghanistan (2001–2014), War in Afghanistan (1978–present), War in Afghanistan (2015–present) and War on Terrorism  ",1
Belgium,Yemen,Undirected,7423,,,1,-,"2002  ","Ongoing  ","Operation Enduring Freedom – Horn of Africa  ",0
Belgium,Belgium,Undirected,7379,,,1,-,"1960  ","1965  ","Congo Crisis  ",0
Belgium,Democratic Republic of the Congo,Undirected,7378,,,1,-,"1960  ","1965  ","Congo Crisis  ",0
Belgium,Guinea,Undirected,7375,,,1,-,"1960  ","1965  ","Congo Crisis  ",0
Belgium,Republic of Ireland,Undirected,7374,,,1,-,"1960  ","1965  ","Congo Crisis  ",0
Belgium,Ghana,Undirected,7373,,,1,-,"1960  ","1965  ","Congo Crisis  ",0
Belgium,Republic of the Congo,Undirected,7372,,,1,-,"1960  ","1965  ","Congo Crisis  ",0
Belgium,North Korea,Undirected,7367,,,1,-,"1950  ","1953  ","Korean War  Part of the Korean conflict  ",0
Belgium,Liberia,Undirected,7354,,,2,-,"1960  ","1965  ","Congo Crisis  ",1
Belgium,Iran,Undirected,7352,,,2,-,"2002  ","Ongoing  ","Taliban insurgency Part of the War in Afghanistan (2001–2014), War in Afghanistan (1978–present), War in Afghanistan (2015–present) and War on Terrorism  ",1
Vietnam,Thailand,Undirected,7441,,,2,-,"1987  ","1988  ","Thai–Laotian Border War  ",1
Vietnam,Philippines,Undirected,7439,,,1,-,"1969  ","Ongoing  ","Insurgency of the Communist Party of the Philippines  ",0
Vietnam,Viet Minh,Undirected,7436,,,1,-,"1946  ","1955  ","First Indochina War Indochina Wars  ",0
Syria,Qatar,Undirected,7483,,,1,-,"2011  ","Ongoing  ","Syrian Civil War  ",0
Syria,Jordan,Undirected,7481,,,1,-,"1970  ","1971  ","Black September in Jordan  ",0
Syria,Israel,Undirected,7473,,,7,-,"1982  ","2000  ","1982 Lebanon WarSecurity Zone conflict  ",6
Syria,Saudi Arabia,Undirected,7469,,,4,-,"2011  ","Ongoing  ","Syrian Civil War  ",3
Syria,Lebanon,Undirected,7467,,,2,-,"2011  ","2017  ","Syrian Civil War spillover in LebanonPart of the Syrian Civil War  ",1
Syria,Turkey,Undirected,7465,,,2,-,"2011  ","Ongoing  ","Syrian Civil War  ",1
Syria,Thailand,Undirected,7455,,,1,-,"1939  ","1945  ","World War II  ",0
Syria,Iraq,Undirected,7451,,,4,-,"2011  ","Ongoing  ","Syrian Civil War  ",3
Syria,Finland,Undirected,7450,,,1,-,"1939  ","1945  ","World War II  ",0
Syria,Slovakia,Undirected,7449,,,1,-,"1939  ","1945  ","World War II  ",0
Syria,Germany,Undirected,7448,,,1,-,"1939  ","1945  ","World War II  ",0
Syria,Syria,Undirected,7444,,,4,-,"1979  ","1982  ","Islamist uprising in Syria  ",3
Macedonia,Iran,Undirected,7541,,,1,-,"2002  ","Ongoing  ","Taliban insurgency Part of the War in Afghanistan (2001–2014), War in Afghanistan (1978–present), War in Afghanistan (2015–present) and War on Terrorism  ",0
Macedonia,Pakistan,Undirected,7540,,,1,-,"2002  ","Ongoing  ","Taliban insurgency Part of the War in Afghanistan (2001–2014), War in Afghanistan (1978–present), War in Afghanistan (2015–present) and War on Terrorism  ",0
Macedonia,Macedonia,Undirected,7484,,,4,-,"1904  ","1908  ","Macedonian Struggle  ",3
Eritrea,Djibouti,Undirected,7544,,,1,-,"2008  ","2008  ","Djiboutian–Eritrean border conflict  ",0
Eritrea,Yemen,Undirected,7543,,,1,-,"1995  ","1995  ","Hanish Islands conflict  ",0
Eritrea,Eritrea,Undirected,7542,,,1,-,"1980  ","1981  ","Second Eritrean Civil War  ",0
Greece,Libya,Undirected,7648,,,1,-,"2011  ","2011  ","Libyan Civil War (2011)  ",0
Greece,Pakistan,Undirected,7643,,,2,-,"2002  ","Ongoing  ","Taliban insurgency Part of the War in Afghanistan (2001–2014), War in Afghanistan (1978–present), War in Afghanistan (2015–present) and War on Terrorism  ",1
Greece,Yemen,Undirected,7636,,,1,-,"2002  ","Ongoing  ","Operation Enduring Freedom – Horn of Africa  ",0
Greece,North Korea,Undirected,7594,,,1,-,"1950  ","1953  ","Korean War  Part of the Korean conflict  ",0
Greece,Iran,Undirected,7580,,,2,-,"2002  ","Ongoing  ","Taliban insurgency Part of the War in Afghanistan (2001–2014), War in Afghanistan (1978–present), War in Afghanistan (2015–present) and War on Terrorism  ",1
Greece,Soviet Union,Undirected,7575,,,2,-,"1950  ","1953  ","Korean War  Part of the Korean conflict  ",1
Benin,Iraq,Undirected,7651,,,1,-,"2009  ","Ongoing  ","Boko Haram insurgency  ",0
East Timor,Indonesia,Undirected,7657,,,2,-,"1999  ","2000  ","1999 East Timorese crisis  ",1
San Marino,Thailand,Undirected,7664,,,1,-,"1939  ","1945  ","World War II  ",0
San Marino,Finland,Undirected,7661,,,1,-,"1939  ","1945  ","World War II  ",0
San Marino,Slovakia,Undirected,7660,,,1,-,"1939  ","1945  ","World War II  ",0
San Marino,Germany,Undirected,7659,,,1,-,"1939  ","1945  ","World War II  ",0
Soviet Union,Somalia,Undirected,7720,,,1,-,"1977  ","1978  ","Ethio-Somali War  ",0
Soviet Union,Israel,Undirected,7718,,,1,-,"1967  ","1970  ","War of Attrition  ",0
Soviet Union,Soviet Union,Undirected,7707,,,1,-,"1960  ","1965  ","Congo Crisis  ",0
Soviet Union,South Korea,Undirected,7702,,,1,-,"1950  ","1953  ","Korean War  Part of the Korean conflict  ",0
Soviet Union,Laos,Undirected,7700,,,1,-,"1946  ","1955  ","First Indochina War Indochina Wars  ",0
Soviet Union,Turkey,Undirected,7696,,,2,-,"1950  ","1953  ","Korean War  Part of the Korean conflict  ",1
Soviet Union,Philippines,Undirected,7690,,,2,-,"1950  ","1953  ","Korean War  Part of the Korean conflict  ",1
Soviet Union,Luxembourg,Undirected,7687,,,2,-,"1950  ","1953  ","Korean War  Part of the Korean conflict  ",1
Soviet Union,Thailand,Undirected,7685,,,2,-,"1950  ","1953  ","Korean War  Part of the Korean conflict  ",1
Soviet Union,Finland,Undirected,7680,,,3,-,"1941  ","1944  ","Continuation WarPart of World War II  ",2
Soviet Union,Slovakia,Undirected,7679,,,1,-,"1939  ","1945  ","World War II  ",0
Soviet Union,Georgia,Undirected,7674,,,1,-,"1924  ","1924  ","August Uprising  ",0
Ukraine,Iran,Undirected,7795,,,1,-,"2002  ","Ongoing  ","Taliban insurgency Part of the War in Afghanistan (2001–2014), War in Afghanistan (1978–present), War in Afghanistan (2015–present) and War on Terrorism  ",0
Ukraine,Pakistan,Undirected,7789,,,2,-,"2002  ","Ongoing  ","Taliban insurgency Part of the War in Afghanistan (2001–2014), War in Afghanistan (1978–present), War in Afghanistan (2015–present) and War on Terrorism  ",1
Ukraine,Yemen,Undirected,7782,,,1,-,"2002  ","Ongoing  ","Operation Enduring Freedom – Horn of Africa  ",0
Georgia,Iran,Undirected,7896,,,2,-,"2002  ","Ongoing  ","Taliban insurgency Part of the War in Afghanistan (2001–2014), War in Afghanistan (1978–present), War in Afghanistan (2015–present) and War on Terrorism  ",1
Georgia,Pakistan,Undirected,7894,,,2,-,"2002  ","Ongoing  ","Taliban insurgency Part of the War in Afghanistan (2001–2014), War in Afghanistan (1978–present), War in Afghanistan (2015–present) and War on Terrorism  ",1
Mongolia,Iran,Undirected,7945,,,1,-,"2002  ","Ongoing  ","Taliban insurgency Part of the War in Afghanistan (2001–2014), War in Afghanistan (1978–present), War in Afghanistan (2015–present) and War on Terrorism  ",0
Mongolia,Pakistan,Undirected,7944,,,1,-,"2002  ","Ongoing  ","Taliban insurgency Part of the War in Afghanistan (2001–2014), War in Afghanistan (1978–present), War in Afghanistan (2015–present) and War on Terrorism  ",0
Finland,Pakistan,Undirected,7999,,,1,-,"2002  ","Ongoing  ","Taliban insurgency Part of the War in Afghanistan (2001–2014), War in Afghanistan (1978–present), War in Afghanistan (2015–present) and War on Terrorism  ",0
Finland,Saudi Arabia,Undirected,7964,,,1,-,"1939  ","1945  ","World War II  ",0
Finland,Lebanon,Undirected,7963,,,1,-,"1939  ","1945  ","World War II  ",0
Finland,Liberia,Undirected,7957,,,1,-,"1939  ","1945  ","World War II  ",0
Finland,Iran,Undirected,7955,,,2,-,"2002  ","Ongoing  ","Taliban insurgency Part of the War in Afghanistan (2001–2014), War in Afghanistan (1978–present), War in Afghanistan (2015–present) and War on Terrorism  ",1
Finland,Iraq,Undirected,7954,,,1,-,"1939  ","1945  ","World War II  ",0
Finland,Philippines,Undirected,7953,,,1,-,"1939  ","1945  ","World War II  ",0
Finland,Panama,Undirected,7952,,,1,-,"1939  ","1945  ","World War II  ",0
Latvia,Iran,Undirected,8041,,,1,-,"2002  ","Ongoing  ","Taliban insurgency Part of the War in Afghanistan (2001–2014), War in Afghanistan (1978–present), War in Afghanistan (2015–present) and War on Terrorism  ",0
Latvia,Pakistan,Undirected,8040,,,1,-,"2002  ","Ongoing  ","Taliban insurgency Part of the War in Afghanistan (2001–2014), War in Afghanistan (1978–present), War in Afghanistan (2015–present) and War on Terrorism  ",0
Latvia,Latvia,Undirected,8000,,,2,-,"1918  ","1920  ","Latvian War of IndependencePart of the Russian Civil War  ",1
Azerbaijan,Pakistan,Undirected,8094,,,2,-,"2002  ","Ongoing  ","Taliban insurgency Part of the War in Afghanistan (2001–2014), War in Afghanistan (1978–present), War in Afghanistan (2015–present) and War on Terrorism  ",1
Azerbaijan,Yemen,Undirected,8087,,,1,-,"2002  ","Ongoing  ","Operation Enduring Freedom – Horn of Africa  ",0
Azerbaijan,Iran,Undirected,8042,,,2,-,"2002  ","Ongoing  ","Taliban insurgency Part of the War in Afghanistan (2001–2014), War in Afghanistan (1978–present), War in Afghanistan (2015–present) and War on Terrorism  ",1
Germany,Pakistan,Undirected,8191,,,3,-,"2002  ","Ongoing  ","Taliban insurgency Part of the War in Afghanistan (2001–2014), War in Afghanistan (1978–present), War in Afghanistan (2015–present) and War on Terrorism  ",2
Germany,Yemen,Undirected,8184,,,1,-,"2002  ","Ongoing  ","Operation Enduring Freedom – Horn of Africa  ",0
Germany,Saudi Arabia,Undirected,8123,,,1,-,"1939  ","1945  ","World War II  ",0
Germany,Lebanon,Undirected,8122,,,1,-,"1939  ","1945  ","World War II  ",0
Germany,Liberia,Undirected,8111,,,1,-,"1939  ","1945  ","World War II  ",0
Germany,Iran,Undirected,8108,,,3,-,"2002  ","Ongoing  ","Taliban insurgency Part of the War in Afghanistan (2001–2014), War in Afghanistan (1978–present), War in Afghanistan (2015–present) and War on Terrorism  ",2
Germany,Iraq,Undirected,8107,,,1,-,"1939  ","1945  ","World War II  ",0
Germany,Philippines,Undirected,8106,,,1,-,"1939  ","1945  ","World War II  ",0
Germany,Panama,Undirected,8105,,,1,-,"1939  ","1945  ","World War II  ",0
Kuwait,Iraq,Undirected,8199,,,1,-,"1990  ","1991  ","Gulf War  ",0
Kuwait,Israel,Undirected,8198,,,1,-,"1967  ","1967  ","Six-Day War  ",0
Iraq,Mozambique,Undirected,8260,,,1,-,"2017  ","Ongoing  ","Islamist insurgency in Mozambique  ",0
Iraq,Chad,Undirected,8259,,,1,-,"2009  ","Ongoing  ","Boko Haram insurgency  ",0
Iraq,Cameroon,Undirected,8258,,,1,-,"2009  ","Ongoing  ","Boko Haram insurgency  ",0
Iraq,Niger,Undirected,8256,,,2,-,"2009  ","Ongoing  ","Boko Haram insurgency  ",1
Iraq,Pakistan,Undirected,8252,,,4,-,"2004  ","Ongoing  ","War in North-West Pakistan  ",3
Iraq,Somalia,Undirected,8249,,,1,-,"1991  ","Ongoing  ","Somali Civil War  ",0
Iraq,Qatar,Undirected,8248,,,1,-,"1990  ","1991  ","Gulf War  ",0
Iraq,Indonesia,Undirected,8245,,,2,-,"1969  ","Ongoing  ","Moro insurgency in the Philippines  ",1
Iraq,Malaysia,Undirected,8243,,,2,-,"1969  ","Ongoing  ","Moro insurgency in the Philippines  ",1
Iraq,Israel,Undirected,8237,,,6,-,"2011  ","Ongoing  ","Sinai insurgency  ",5
Iraq,Saudi Arabia,Undirected,8234,,,3,-,"1990  ","1991  ","Gulf War  ",2
Iraq,Lebanon,Undirected,8231,,,3,-,"2011  ","2017  ","Syrian Civil War spillover in LebanonPart of the Syrian Civil War  ",2
Iraq,Turkey,Undirected,8228,,,3,-,"2017  ","2017  ","2017 Iraqi–Kurdish conflictPart of the Iraqi Civil War  ",2
Iraq,Thailand,Undirected,8216,,,1,-,"1939  ","1945  ","World War II  ",0
Iraq,Iraq,Undirected,8210,,,6,-,"2017  ","Ongoing  ","Iraqi insurgency (2017–Present)  ",5
Iraq,Slovakia,Undirected,8209,,,1,-,"1939  ","1945  ","World War II  ",0
Iraq,Philippines,Undirected,8205,,,4,-,"1969  ","Ongoing  ","Moro insurgency in the Philippines  ",3
Iran,Qatar,Undirected,8304,,,1,-,"2011  ","Ongoing  ","Syrian Civil War  ",0
Iran,United Arab Emirates,Undirected,8299,,,1,-,"2002  ","Ongoing  ","Taliban insurgency Part of the War in Afghanistan (2001–2014), War in Afghanistan (1978–present), War in Afghanistan (2015–present) and War on Terrorism  ",0
Iran,Tonga,Undirected,8298,,,1,-,"2002  ","Ongoing  ","Taliban insurgency Part of the War in Afghanistan (2001–2014), War in Afghanistan (1978–present), War in Afghanistan (2015–present) and War on Terrorism  ",0
Iran,Switzerland,Undirected,8297,,,1,-,"2002  ","Ongoing  ","Taliban insurgency Part of the War in Afghanistan (2001–2014), War in Afghanistan (1978–present), War in Afghanistan (2015–present) and War on Terrorism  ",0
Iran,South Korea,Undirected,8296,,,1,-,"2002  ","Ongoing  ","Taliban insurgency Part of the War in Afghanistan (2001–2014), War in Afghanistan (1978–present), War in Afghanistan (2015–present) and War on Terrorism  ",0
Iran,Singapore,Undirected,8295,,,1,-,"2002  ","Ongoing  ","Taliban insurgency Part of the War in Afghanistan (2001–2014), War in Afghanistan (1978–present), War in Afghanistan (2015–present) and War on Terrorism  ",0
Iran,Malaysia,Undirected,8294,,,1,-,"2002  ","Ongoing  ","Taliban insurgency Part of the War in Afghanistan (2001–2014), War in Afghanistan (1978–present), War in Afghanistan (2015–present) and War on Terrorism  ",0
Iran,Jordan,Undirected,8293,,,1,-,"2002  ","Ongoing  ","Taliban insurgency Part of the War in Afghanistan (2001–2014), War in Afghanistan (1978–present), War in Afghanistan (2015–present) and War on Terrorism  ",0
Iran,Iceland,Undirected,8292,,,1,-,"2002  ","Ongoing  ","Taliban insurgency Part of the War in Afghanistan (2001–2014), War in Afghanistan (1978–present), War in Afghanistan (2015–present) and War on Terrorism  ",0
Iran,Bosnia and Herzegovina,Undirected,8291,,,1,-,"2002  ","Ongoing  ","Taliban insurgency Part of the War in Afghanistan (2001–2014), War in Afghanistan (1978–present), War in Afghanistan (2015–present) and War on Terrorism  ",0
Iran,Bahrain,Undirected,8290,,,1,-,"2002  ","Ongoing  ","Taliban insurgency Part of the War in Afghanistan (2001–2014), War in Afghanistan (1978–present), War in Afghanistan (2015–present) and War on Terrorism  ",0
Iran,Czech Republic,Undirected,8288,,,2,-,"2002  ","Ongoing  ","Taliban insurgency Part of the War in Afghanistan (2001–2014), War in Afghanistan (1978–present), War in Afghanistan (2015–present) and War on Terrorism  ",1
Iran,Pakistan,Undirected,8281,,,1,-,"1996  ","2001  ","Civil war in Afghanistan (1996–2001)  ",0
Iran,Saudi Arabia,Undirected,8278,,,3,-,"2011  ","Ongoing  ","Syrian Civil War  ",2
Iran,Turkey,Undirected,8272,,,5,-,"2011  ","Ongoing  ","Syrian Civil War  ",4
Iran,Luxembourg,Undirected,8267,,,2,-,"2002  ","Ongoing  ","Taliban insurgency Part of the War in Afghanistan (2001–2014), War in Afghanistan (1978–present), War in Afghanistan (2015–present) and War on Terrorism  ",1
Iran,Thailand,Undirected,8266,,,1,-,"1939  ","1945  ","World War II  ",0
Iran,Slovakia,Undirected,8264,,,2,-,"2002  ","Ongoing  ","Taliban insurgency Part of the War in Afghanistan (2001–2014), War in Afghanistan (1978–present), War in Afghanistan (2015–present) and War on Terrorism  ",1
Iran,Iran,Undirected,8261,,,3,-,"1994  ","1997  ","Iraqi Kurdish Civil War  ",2
Turkey,Libya,Undirected,8399,,,1,-,"2011  ","2011  ","Libyan Civil War (2011)  ",0
Turkey,Pakistan,Undirected,8393,,,3,-,"2002  ","Ongoing  ","Taliban insurgency Part of the War in Afghanistan (2001–2014), War in Afghanistan (1978–present), War in Afghanistan (2015–present) and War on Terrorism  ",2
Turkey,Yemen,Undirected,8386,,,1,-,"2002  ","Ongoing  ","Operation Enduring Freedom – Horn of Africa  ",0
Turkey,Cyprus,Undirected,8334,,,1,-,"1974  ","1974  ","Turkish invasion of Cyprus  ",0
Turkey,North Vietnam,Undirected,8333,,,1,-,"1955  ","1975  ","Vietnam War  ",0
Turkey,North Korea,Undirected,8325,,,2,-,"1955  ","1975  ","Vietnam War  ",1
People's Republic of China,Philippines,Undirected,8401,,,1,-,"1969  ","Ongoing  ","Insurgency of the Communist Party of the Philippines  ",0
Thailand,Yemen,Undirected,8422,,,1,-,"2002  ","Ongoing  ","Operation Enduring Freedom – Horn of Africa  ",0
Thailand,Laos,Undirected,8419,,,1,-,"1987  ","1988  ","Thai–Laotian Border War  ",0
Thailand,Thailand,Undirected,8418,,,1,-,"1965  ","1983  ","Communist insurgency in Thailand  ",0
Thailand,North Vietnam,Undirected,8415,,,2,-,"1955  ","1975  ","Vietnam War  ",1
Thailand,North Korea,Undirected,8410,,,2,-,"1955  ","1975  ","Vietnam War  ",1
Thailand,Saudi Arabia,Undirected,8409,,,1,-,"1939  ","1945  ","World War II  ",0
Thailand,Lebanon,Undirected,8408,,,1,-,"1939  ","1945  ","World War II  ",0
Thailand,Liberia,Undirected,8407,,,1,-,"1939  ","1945  ","World War II  ",0
Thailand,Panama,Undirected,8404,,,1,-,"1939  ","1945  ","World War II  ",0
Saudi Arabia,Israel,Undirected,8452,,,1,-,"1967  ","1967  ","Six-Day War  ",0
Saudi Arabia,Slovakia,Undirected,8445,,,1,-,"1939  ","1945  ","World War II  ",0
Yemen,Uzbekistan,Undirected,8491,,,1,-,"2002  ","Ongoing  ","Operation Enduring Freedom – Horn of Africa  ",0
Yemen,Uganda,Undirected,8490,,,1,-,"2002  ","Ongoing  ","Operation Enduring Freedom – Horn of Africa  ",0
Yemen,Turkmenistan,Undirected,8489,,,1,-,"2002  ","Ongoing  ","Operation Enduring Freedom – Horn of Africa  ",0
Yemen,Tajikistan,Undirected,8488,,,1,-,"2002  ","Ongoing  ","Operation Enduring Freedom – Horn of Africa  ",0
Yemen,South Korea,Undirected,8487,,,1,-,"2002  ","Ongoing  ","Operation Enduring Freedom – Horn of Africa  ",0
Yemen,Singapore,Undirected,8486,,,1,-,"2002  ","Ongoing  ","Operation Enduring Freedom – Horn of Africa  ",0
Yemen,Pakistan,Undirected,8485,,,1,-,"2002  ","Ongoing  ","Operation Enduring Freedom – Horn of Africa  ",0
Yemen,Malaysia,Undirected,8484,,,1,-,"2002  ","Ongoing  ","Operation Enduring Freedom – Horn of Africa  ",0
Yemen,Kyrgyzstan,Undirected,8483,,,1,-,"2002  ","Ongoing  ","Operation Enduring Freedom – Horn of Africa  ",0
Yemen,Kazakhstan,Undirected,8482,,,1,-,"2002  ","Ongoing  ","Operation Enduring Freedom – Horn of Africa  ",0
Yemen,Indonesia,Undirected,8481,,,1,-,"2002  ","Ongoing  ","Operation Enduring Freedom – Horn of Africa  ",0
Yemen,Kenya,Undirected,8480,,,1,-,"2002  ","Ongoing  ","Operation Enduring Freedom – Horn of Africa  ",0
Yemen,Seychelles,Undirected,8479,,,1,-,"2002  ","Ongoing  ","Operation Enduring Freedom – Horn of Africa  ",0
Yemen,Somalia,Undirected,8478,,,1,-,"2002  ","Ongoing  ","Operation Enduring Freedom – Horn of Africa  ",0
Yemen,Djibouti,Undirected,8477,,,1,-,"2002  ","Ongoing  ","Operation Enduring Freedom – Horn of Africa  ",0
Yemen,Jordan,Undirected,8475,,,2,-,"1998  ","Ongoing  ","Al-Qaeda insurgency in Yemen  ",1
Slovakia,Pakistan,Undirected,8523,,,1,-,"2002  ","Ongoing  ","Taliban insurgency Part of the War in Afghanistan (2001–2014), War in Afghanistan (1978–present), War in Afghanistan (2015–present) and War on Terrorism  ",0
Slovakia,Lebanon,Undirected,8498,,,1,-,"1939  ","1945  ","World War II  ",0
Slovakia,Liberia,Undirected,8497,,,1,-,"1939  ","1945  ","World War II  ",0
Slovakia,Philippines,Undirected,8496,,,1,-,"1939  ","1945  ","World War II  ",0
Slovakia,Panama,Undirected,8495,,,1,-,"1939  ","1945  ","World War II  ",0
Luxembourg,Pakistan,Undirected,8555,,,1,-,"2002  ","Ongoing  ","Taliban insurgency Part of the War in Afghanistan (2001–2014), War in Afghanistan (1978–present), War in Afghanistan (2015–present) and War on Terrorism  ",0
Luxembourg,North Korea,Undirected,8529,,,1,-,"1950  ","1953  ","Korean War  Part of the Korean conflict  ",0
Philippines,Philippines,Undirected,8571,,,2,-,"2002  ","Ongoing  ","Operation Enduring Freedom – Philippines  ",1
Philippines,Libya,Undirected,8564,,,1,-,"1969  ","Ongoing  ","Insurgency of the Communist Party of the Philippines  ",0
Philippines,North Korea,Undirected,8561,,,2,-,"1969  ","Ongoing  ","Insurgency of the Communist Party of the Philippines  ",1
Liberia,Niger,Undirected,8588,,,1,-,"1991  ","2002  ","Sierra Leone Civil War  ",0
Liberia,Sierra Leone,Undirected,8587,,,1,-,"1991  ","2002  ","Sierra Leone Civil War  ",0
Liberia,Liberia,Undirected,8584,,,3,-,"1999  ","2003  ","Second Liberian Civil War  ",2
Lebanon,Israel,Undirected,8589,,,1,-,"1948  ","1949  ","1948 Arab–Israeli War  Part of the Arab–Israeli conflict  ",0
Viet Minh,Laos,Undirected,8590,,,1,-,"1946  ","1955  ","First Indochina War Indochina Wars  ",0
Laos,North Korea,Undirected,8622,,,1,-,"1955  ","1975  ","Vietnam War  ",0
Laos,North Vietnam,Undirected,8619,,,3,-,"1958  ","1959  ","North Vietnamese invasion of LaosPart of the Vietnam War and the Laotian Civil War  ",2
Pakistan,Uzbekistan,Undirected,8653,,,4,-,"2004  ","Ongoing  ","War in North-West Pakistan  ",3
Pakistan,United Arab Emirates,Undirected,8648,,,1,-,"2002  ","Ongoing  ","Taliban insurgency Part of the War in Afghanistan (2001–2014), War in Afghanistan (1978–present), War in Afghanistan (2015–present) and War on Terrorism  ",0
Pakistan,Tonga,Undirected,8647,,,1,-,"2002  ","Ongoing  ","Taliban insurgency Part of the War in Afghanistan (2001–2014), War in Afghanistan (1978–present), War in Afghanistan (2015–present) and War on Terrorism  ",0
Pakistan,Switzerland,Undirected,8646,,,1,-,"2002  ","Ongoing  ","Taliban insurgency Part of the War in Afghanistan (2001–2014), War in Afghanistan (1978–present), War in Afghanistan (2015–present) and War on Terrorism  ",0
Pakistan,Jordan,Undirected,8645,,,1,-,"2002  ","Ongoing  ","Taliban insurgency Part of the War in Afghanistan (2001–2014), War in Afghanistan (1978–present), War in Afghanistan (2015–present) and War on Terrorism  ",0
Pakistan,Iceland,Undirected,8644,,,1,-,"2002  ","Ongoing  ","Taliban insurgency Part of the War in Afghanistan (2001–2014), War in Afghanistan (1978–present), War in Afghanistan (2015–present) and War on Terrorism  ",0
Pakistan,Bosnia and Herzegovina,Undirected,8643,,,1,-,"2002  ","Ongoing  ","Taliban insurgency Part of the War in Afghanistan (2001–2014), War in Afghanistan (1978–present), War in Afghanistan (2015–present) and War on Terrorism  ",0
Pakistan,Bahrain,Undirected,8642,,,1,-,"2002  ","Ongoing  ","Taliban insurgency Part of the War in Afghanistan (2001–2014), War in Afghanistan (1978–present), War in Afghanistan (2015–present) and War on Terrorism  ",0
Pakistan,Czech Republic,Undirected,8640,,,2,-,"2002  ","Ongoing  ","Taliban insurgency Part of the War in Afghanistan (2001–2014), War in Afghanistan (1978–present), War in Afghanistan (2015–present) and War on Terrorism  ",1
Pakistan,South Korea,Undirected,8635,,,2,-,"2002  ","Ongoing  ","Taliban insurgency Part of the War in Afghanistan (2001–2014), War in Afghanistan (1978–present), War in Afghanistan (2015–present) and War on Terrorism  ",1
Pakistan,Singapore,Undirected,8633,,,2,-,"2002  ","Ongoing  ","Taliban insurgency Part of the War in Afghanistan (2001–2014), War in Afghanistan (1978–present), War in Afghanistan (2015–present) and War on Terrorism  ",1
Pakistan,Malaysia,Undirected,8631,,,2,-,"2002  ","Ongoing  ","Taliban insurgency Part of the War in Afghanistan (2001–2014), War in Afghanistan (1978–present), War in Afghanistan (2015–present) and War on Terrorism  ",1
Pakistan,Bangladesh,Undirected,8623,,,1,-,"1971  ","1971  ","Bangladesh Liberation WarIndo-Pakistani wars and conflicts  ",0
South Korea,North Vietnam,Undirected,8661,,,1,-,"1955  ","1975  ","Vietnam War  ",0
South Korea,North Korea,Undirected,8658,,,3,-,"1966  ","1969  ","Korean DMZ Conflict Part of the Korean conflict  ",2
South Korea,South Korea,Undirected,8657,,,1,-,"1948  ","1949  ","Jeju uprising  ",0
Israel,Jordan,Undirected,8698,,,2,-,"1973  ","1973  ","Yom Kippur War  ",1
Israel,Libya,Undirected,8697,,,1,-,"1967  ","1967  ","Six-Day War  ",0
North Korea,South Vietnam,Undirected,8700,,,1,-,"1955  ","1975  ","Vietnam War  ",0
South Vietnam,North Vietnam,Undirected,8701,,,4,-,"1967  ","1975  ","Cambodian Civil War  ",3
Republic of the Congo,Angola,Undirected,8713,,,1,-,"1997  ","1999  ","Republic of the Congo Civil War  ",0
Republic of the Congo,Republic of the Congo,Undirected,8712,,,1,-,"1997  ","1999  ","Republic of the Congo Civil War  ",0
Democratic Republic of the Congo,Uganda,Undirected,8720,,,2,-,"1996  ","Ongoing  ","ADF insurgency  ",1
Jordan,Libya,Undirected,8742,,,1,-,"2011  ","2011  ","Libyan Civil War (2011)  ",0
Somalia,Uzbekistan,Undirected,8802,,,1,-,"2002  ","Ongoing  ","Operation Enduring Freedom – Horn of Africa  ",0
Libya,Qatar,Undirected,8821,,,1,-,"2011  ","2011  ","Libyan Civil War (2011)  ",0
Libya,Libya,Undirected,8820,,,1,-,"2008  ","2008  ","2008 Kufra conflict  ",0
Libya,Mozambique,Undirected,8817,,,1,-,"1978  ","1979  ","Uganda–Tanzania War  ",0
Libya,Chad,Undirected,8814,,,1,-,"1965  ","1979  ","Chadian Civil War (1965–79)  ",0
Angola,Burundi,Undirected,8832,,,1,-,"1998  ","2003  ","Second Congo War  ",0
Angola,Angola,Undirected,8831,,,1,-,"1998  ","2003  ","Second Congo War  ",0
Angola,Uganda,Undirected,8830,,,1,-,"1998  ","2003  ","Second Congo War  ",0
Mauritania,Senegal,Undirected,8841,,,1,-,"1989  ","1991  ","Mauritania–Senegal Border War  ",0
Uganda,Rwanda,Undirected,8845,,,4,-,"2000  ","2000  ","Six-Day War (2000)Part of the Second Congo War  ",3
Uganda,Uganda,Undirected,8844,,,1,-,"1996  ","Ongoing  ","ADF insurgency  ",0
Uganda,Mozambique,Undirected,8843,,,1,-,"1978  ","1979  ","Uganda–Tanzania War  ",0
Uganda,Tanzania,Undirected,8842,,,1,-,"1978  ","1979  ","Uganda–Tanzania War  ",0
Grenada,Saint Vincent and the Grenadines,Undirected,8866,,,1,-,"1983  ","1983  ","Invasion of Grenada  ",0
Grenada,Saint Lucia,Undirected,8865,,,1,-,"1983  ","1983  ","Invasion of Grenada  ",0
Grenada,Barbados,Undirected,8864,,,1,-,"1983  ","1983  ","Invasion of Grenada  ",0
Grenada,Antigua and Barbuda,Undirected,8863,,,1,-,"1983  ","1983  ","Invasion of Grenada  ",0
Rwanda,Burundi,Undirected,8872,,,3,-,"1998  ","2003  ","Second Congo War  ",2
Rwanda,Rwanda,Undirected,8870,,,2,-,"1998  ","2003  ","Second Congo War  ",1
Tajikistan,Uzbekistan,Undirected,8902,,,1,-,"2010  ","2012  ","Tajikistan insurgency  ",0
Kyrgyzstan,Kyrgyzstan,Undirected,8970,,,1,-,"2010  ","2010  ","2010 South Kyrgyzstan ethnic clashes  ",0
