id_candidate_seq	id_candidate_num	cat_candidate_name	cat_state	cat_party	cat_coalition	cat_composition	cat_eletion_result	num_turn	num_votes	cat_political_office
10000000003	45	MÁRCIO MIGUEL BITTAR	AC	PSDB	ALIANÇA POR UM ACRE MELHOR	PMDB / PSDB / PT do B / PSC / PTC / PPS / PR / SD / PP / PSD	2º TURNO	1	116948	Governador
10000000003	45	MÁRCIO MIGUEL BITTAR	AC	PSDB	ALIANÇA POR UM ACRE MELHOR	PMDB / PSDB / PT do B / PSC / PTC / PPS / PR / SD / PP / PSD	NÃO ELEITO	2	186658	Governador
10000000146	50	ANTONIO DA CRUZ DA ROCHA ALVES	AC	PSOL	PARTIDO ISOLADO	PSOL	NÃO ELEITO	1	2171	Governador
10000000152	13	SEBASTIÃO AFONSO VIANA MACEDO NEVES	AC	PT	FRENTE POPULAR DO ACRE	PDT / PRB / PT / PSL / PTN / PSDC / PHS / PSB / PRP / PEN / PPL / PC do B / PROS / PTB	2º TURNO	1	193253	Governador
10000000152	13	SEBASTIÃO AFONSO VIANA MACEDO NEVES	AC	PT	FRENTE POPULAR DO ACRE	PDT / PRB / PT / PSL / PTN / PSDC / PHS / PSB / PRP / PEN / PPL / PC do B / PROS / PTB	ELEITO	2	196509	Governador
10000000364	25	SEBASTIÃO BOCALOM RODRIGUES	AC	DEM	PRODUZIR PARA EMPREGAR	DEM / PV / PMN	NÃO ELEITO	1	76218	Governador
20000000001	21	GOLBERY LUIZ LESSA DE MOURA	AL	PCB	PARTIDO ISOLADO	PCB	NÃO ELEITO	1	3950	Governador
20000000004	50	MÁRIO AGRA JÚNIOR	AL	PSOL	FRENTE DE ESQUERDA DE ALAGOAS	PSOL / PSTU	NÃO ELEITO	1	60816	Governador
20000000026	51	ADROALDO FREITAS GOULART FILHO	AL	PEN	PARTIDO ISOLADO	PEN	NÃO ELEITO	1	2732	Governador
20000000032	19	LUCIANO BALBINO DOS SANTOS	AL	PTN	PARTIDO ISOLADO	PTN	NÃO ELEITO	1	1820	Governador
20000000100	11	BENEDITO DE LIRA	AL	PP	JUNTOS COM O POVO PELA MELHORIA DE ALAGOAS	PPS / PP / PSDC / PRP / PR / PSL / PSB / DEM / SD	NÃO ELEITO	1	435827	Governador
20000000202	15	JOSE RENAN VASCONCELOS CALHEIROS FILHO	AL	PMDB	COM O POVO PRA ALAGOAS MUDAR	PV / PT do B / PMDB / PROS / PC do B / PSC / PHS / PTB / PSD / PDT / PT	ELEITO	1	670310	Governador
20000000561	45	JULIO CEZAR DA SILVA	AL	PSDB	UM NOVO JEITO DE FAZER	PSDB / PRB	NÃO ELEITO	1	101757	Governador
30000000001	16	GENIVAL CRUZ DE ARAUJO	AP	PSTU	PARTIDO ISOLADO	PSTU	NÃO ELEITO	1	5306	Governador
30000000057	55	LUIZ CANTUARIA BARRETO	AP	PSD	JUNTOS PELO DESENVOLVIMENTO PELA PAZ E PELA VIDA	DEM / PSDB / SD / PSD	NÃO ELEITO	1	53079	Governador
30000000088	12	ANTÔNIO WALDEZ GÓES DA SILVA	AP	PDT	A FORÇA DO POVO	PP / PDT / PMDB	2º TURNO	1	161550	Governador
30000000088	12	ANTÔNIO WALDEZ GÓES DA SILVA	AP	PDT	A FORÇA DO POVO	PP / PDT / PMDB	ELEITO	2	220256	Governador
30000000135	21	DÉCIO ARAÚJO GOMES	AP	PCB	PARTIDO ISOLADO	PCB	NÃO ELEITO	1	455	Governador
30000000140	23	JORGE EMANOEL AMANAJAS CARDOSO	AP	PPS	O FUTURO COMEÇA AGORA	PSC / PPS / PRTB / PMN / PTC / PRP / PPL / PTB	NÃO ELEITO	1	27045	Governador
30000000362	70	BRUNO MANOEL REZENDE	AP	PT do B	UNIDOS PELO AMAPÁ QUE QUEREMOS	PT do B / PRB / PROS / PR / PEN / PV / PHS / PSDC / PTN	NÃO ELEITO	1	30135	Governador
30000000460	40	CARLOS CAMILO GÓES CAPIBERIBE	AP	PSB	FRENTE POPULAR A FAVOR DO AMAPA	PSB / PT / PSOL / PC do B	2º TURNO	1	105445	Governador
30000000460	40	CARLOS CAMILO GÓES CAPIBERIBE	AP	PSB	FRENTE POPULAR A FAVOR DO AMAPA	PSB / PT / PSOL / PC do B	NÃO ELEITO	2	143311	Governador
40000000005	16	HERBERT AMAZONAS MASSULO	AM	PSTU	PARTIDO ISOLADO	PSTU	NÃO ELEITO	1	4897	Governador
40000000072	15	CARLOS EDUARDO DE SOUZA BRAGA	AM	PMDB	RENOVAÇÃO E EXPERIÊNCIA	PMDB / PP / PT / PDT / PTB / PPS / PRB / PSDC / PPL / PC do B	2º TURNO	1	709058	Governador
40000000072	15	CARLOS EDUARDO DE SOUZA BRAGA	AM	PMDB	RENOVAÇÃO E EXPERIÊNCIA	PMDB / PP / PT / PDT / PTB / PPS / PRB / PSDC / PPL / PC do B	NÃO ELEITO	2	696465	Governador
40000000188	21	LUIZ MANOEL NAVARRO	AM	PCB	PARTIDO ISOLADO	PCB	NÃO ELEITO	1	4196	Governador
40000000487	90	JOSÉ MELO DE OLIVEIRA	AM	PROS	FAZENDO MAIS POR NOSSA GENTE	PROS / DEM / PSL / PTN / PSC / PR / PRTB / PHS / PTC / PV / PRP / PSDB / PEN / PSD / SD / PT do B	2º TURNO	1	707151	Governador
40000000487	90	JOSÉ MELO DE OLIVEIRA	AM	PROS	FAZENDO MAIS POR NOSSA GENTE	PROS / DEM / PSL / PTN / PSC / PR / PRTB / PHS / PTC / PV / PRP / PSDB / PEN / PSD / SD / PT do B	ELEITO	2	869992	Governador
40000000600	40	MARCELO RAMOS RODRIGUES	AM	PSB	PARTIDO ISOLADO	PSB	NÃO ELEITO	1	179758	Governador
40000000711	50	ABEL RODRIGUES ALVES	AM	PSOL	PARTIDO ISOLADO	PSOL	NÃO ELEITO	1	8448	Governador
40000000880	33	MARCO ANTÔNIO SOUZA RIBEIRO DA COSTA	AM	PMN	PARTIDO ISOLADO	PMN	NÃO ELEITO	1	29499	Governador
50000000001	16	RENATA MALLET GUENA	BA	PSTU	PARTIDO ISOLADO	PSTU	NÃO ELEITO	1	16788	Governador
50000000007	50	MARCOS ANTONIO GUIMARÃES MENDES	BA	PSOL	PARTIDO ISOLADO	PSOL	NÃO ELEITO	1	50891	Governador
50000000176	40	LIDICE DA MATA E SOUZA	BA	PSB	UM NOVO CAMINHO PARA  A BAHIA	PSB / PSL / PPL	NÃO ELEITO	1	432379	Governador
50000000401	13	RUI COSTA DOS SANTOS	BA	PT	PRA BAHIA MUDAR MAIS	PT / PP / PSD / PDT / PR / PC do B / PTB / PMN	ELEITO	1	3558975	Governador
50000000620	25	PAULO GANEM SOUTO	BA	DEM	UNIDOS PELA BAHIA	DEM / PSDB / PMDB / SD / PTN / PROS / PRB / PSC / PTC / PV / PPS / PRP / PT do B / PSDC	NÃO ELEITO	1	2440409	Governador
60000000093	40	ELIANE NOVAES ELEUTERIO TEIXEIRA	CE	PSB	PARTIDO ISOLADO	PSB	NÃO ELEITO	1	144507	Governador
60000000377	50	AILTON CLAECIO LOPES DANTAS	CE	PSOL	FRENTE DE ESQUERDA SOCIALISTA	PSTU / PCB / PSOL	NÃO ELEITO	1	102394	Governador
60000000603	15	EUNÍCIO LOPES DE OLIVEIRA	CE	PMDB	CEARÁ DE TODOS	PMDB / PSC / DEM / PSDC / PRP / PSDB / PR / PTN / PPS	2º TURNO	1	1979499	Governador
60000000603	15	EUNÍCIO LOPES DE OLIVEIRA	CE	PMDB	CEARÁ DE TODOS	PMDB / PSC / DEM / PSDC / PRP / PSDB / PR / PTN / PPS	NÃO ELEITO	2	2113940	Governador
60000000764	13	CAMILO SOBREIRA DE SANTANA	CE	PT	PARA O CEARA SEGUIR MUDANDO	PRB / PP / PDT / PT / PTB / PSL / PRTB / PHS / PMN / PTC / PV / PEN / PPL / PSD / PC do B / PT do B / SD / PROS	2º TURNO	1	2039233	Governador
60000000764	13	CAMILO SOBREIRA DE SANTANA	CE	PT	PARA O CEARA SEGUIR MUDANDO	PRB / PP / PDT / PT / PTB / PSL / PRTB / PHS / PMN / PTC / PV / PEN / PPL / PSD / PC do B / PT do B / SD / PROS	ELEITO	2	2417668	Governador
70000000167	50	ANTÔNIO CARLOS DE ANDRADE	DF	PSOL	FRENTE DE ESQUERDA	PSOL / PSTU / PCB	NÃO ELEITO	1	34689	Governador
70000000434	40	RODRIGO SOBRAL ROLLEMBERG	DF	PSB	SOMOS TODOS BRASÍLIA	PSB / SD / PDT / PSD	2º TURNO	1	692855	Governador
70000000434	40	RODRIGO SOBRAL ROLLEMBERG	DF	PSB	SOMOS TODOS BRASÍLIA	PSB / SD / PDT / PSD	ELEITO	2	812036	Governador
70000000810	29	PERCILLIANE MARRARA SILVA	DF	PCO	PARTIDO ISOLADO	PCO	NÃO ELEITO	1	0	Governador
70000000818	13	AGNELO SANTOS QUEIROZ FILHO	DF	PT	RESPEITO POR BRASÍLIA	PT / PMDB / PRB / PC do B / PRP / PPL / PV / PP / PTN / PT do B / PSC / PROS / PTC / PSL / PHS / PEN	NÃO ELEITO	1	307500	Governador
70000000984	45	LUIZ CARLOS PIETSCHMANN	DF	PSDB	SERIEDADE PARA MUDAR	PSDB / PPS / PSDC	NÃO ELEITO	1	68305	Governador
70000001541	22	JOFRAN FREJAT	DF	PR	UNIÃO E FORÇA	PTB / PR / DEM / PRTB / PMN	2º TURNO	1	428522	Governador
70000001541	22	JOFRAN FREJAT	DF	PR	UNIÃO E FORÇA	PTB / PR / DEM / PRTB / PMN	NÃO ELEITO	2	649587	Governador
80000000006	21	MAURO RIBEIRO	ES	PCB	FRENTE CLASSISTA E SOCIALISTA	PCB / PSTU	NÃO ELEITO	1	2126	Governador
80000000284	40	JOSÉ RENATO CASAGRANDE	ES	PSB	PRA FRENTE ESPÍRITO SANTO	PSB / PSDC / PSL / PP / PRTB / PT do B / PPS / PR / PSC / PSD / PTC / PC do B / PV / PHS / PTN / PPL / PMN / PRB / PTB	NÃO ELEITO	1	751293	Governador
80000000395	13	ROBERTO CARLOS TELES BRAGA	ES	PT	COM A FORÇA DO POVO CAPIXABA	PDT / PT	NÃO ELEITO	1	114691	Governador
80000000427	15	PAULO CESAR HARTUNG GOMES	ES	PMDB	O ESPIRITO SANTO PODE MUITO MAIS	PMDB / PSDB / DEM / SD / PEN / PROS / PRP	ELEITO	1	1020440	Governador
80000000485	50	CAMILA COSTA VALADÃO	ES	PSOL	PARTIDO ISOLADO	PSOL	NÃO ELEITO	1	21044	Governador
90000000002	27	ALEXANDRE SILVA DE MAGALHÃES	GO	PSDC	PARTIDO ISOLADO	PSDC	NÃO ELEITO	1	5105	Governador
90000000024	40	VANDERLAN VIEIRA CARDOSO	GO	PSB	PARTICIPAÇÃO POPULAR	PSB / PSC / PRP	NÃO ELEITO	1	474090	Governador
90000000316	13	ANTÔNIO ROBERTO OTONI GOMIDE	GO	PT	PARTIDO ISOLADO	PT	NÃO ELEITO	1	0	Governador
90000000510	50	WESLEI GARCIA DE PAULO	GO	PSOL	PARTIDO ISOLADO	PSOL	NÃO ELEITO	1	10522	Governador
90000000608	15	IRIS REZENDE MACHADO	GO	PMDB	AMOR POR GOIAS	PMDB / DEM / SD / PC do B / PRTB / PTN / PPL	NÃO ELEITO	1	898645	Governador
90000000608	15	IRIS REZENDE MACHADO	GO	PMDB	AMOR POR GOIAS	PMDB / DEM / SD / PC do B / PRTB / PTN / PPL	NÃO ELEITO	2	1297592	Governador
90000000637	45	MARCONI FERREIRA PERILLO JUNIOR	GO	PSDB	GARANTIA DE UM FUTURO MELHOR PARA GOIÁS	PRB / PP / PDT / PTB / PSL / PR / PPS / PHS / PMN / PTC / PV / PSDB / PEN / PSD / PT do B / PROS	ELEITO	1	1451330	Governador
90000000637	45	MARCONI FERREIRA PERILLO JUNIOR	GO	PSDB	GARANTIA DE UM FUTURO MELHOR PARA GOIÁS	PRB / PP / PDT / PTB / PSL / PR / PPS / PHS / PMN / PTC / PV / PSDB / PEN / PSD / PT do B / PROS	ELEITO	2	1750977	Governador
100000000001	16	SAULO COSTA ARCANGELI	MA	PSTU	PARTIDO ISOLADO	PSTU	NÃO ELEITO	1	27304	Governador
100000000014	65	FLAVIO DINO DE CASTRO E COSTA	MA	PC do B	TODOS PELO MARANHÃO	PP / SD / PROS / PSDB / PC do B / PSB / PDT / PTC / PPS	ELEITO	1	1877064	Governador
100000000200	50	LUÍS ANTONIO CÂMARA PEDROSA	MA	PSOL	PARTIDO ISOLADO	PSOL	NÃO ELEITO	1	33749	Governador
100000000376	15	EDISON LOBÃO FILHO	MA	PMDB	PRA FRENTE MARANHÃO	PMDB / PSL / PEN / PSDC / PRP / PTN / PMN / PSC / PHS / PRTB / PR / PRB / DEM / PSD / PV / PT / PTB / PT do B	NÃO ELEITO	1	995619	Governador
100000000534	21	JOSIVALDO CORREA SILVA	MA	PCB	PARTIDO ISOLADO	PCB	NÃO ELEITO	1	3574	Governador
110000000001	12	JOSÉ PEDRO GONÇALVES TAQUES	MT	PDT	CORAGEM E ATITUDE PRA MUDAR	PDT / PP / DEM / PSDB / PSB / PPS / PV / PTB / PSDC / PSC / PRP / PSL / PRB	ELEITO	1	833788	Governador
110000000027	50	JOSÉ ROBERTO DE FREITAS CAVALCANTE	MT	PSOL	PARTIDO ISOLADO	PSOL	NÃO ELEITO	1	5570	Governador
110000000176	31	JOSE MARCONDES DOS SANTOS NETO	MT	PHS	MOBILIZAR E HUMANIZAR	PHS / PMN	NÃO ELEITO	1	0	Governador
110000000291	13	LÚDIO FRANK MENDES CABRAL	MT	PT	AMOR A NOSSA GENTE	PT / PMDB / PROS / PR / PC do B	NÃO ELEITO	1	472507	Governador
110000000582	55	JANETE GOMES RIVA	MT	PSD	VIVA MATO GROSSO	PSD / PTC / PTN / PEN / PRTB / SD	NÃO ELEITO	1	144440	Governador
120000000001	16	MARCO ANTONIO OLIVA MONJE	MS	PSTU	PARTIDO ISOLADO	PSTU	NÃO ELEITO	1	2035	Governador
120000000022	45	REINALDO AZAMBUJA SILVA	MS	PSDB	NOVO TEMPO	PSDB / DEM / PSD / SD / PPS / PMN	2º TURNO	1	516744	Governador
120000000022	45	REINALDO AZAMBUJA SILVA	MS	PSDB	NOVO TEMPO	PSDB / DEM / PSD / SD / PPS / PMN	ELEITO	2	741516	Governador
120000000282	15	NELSON TRAD FILHO	MS	PMDB	MS CADA VEZ MELHOR	PMDB / PSB / PT do B / PSC / PHS / PRB / PRTB / PTN / PEN	NÃO ELEITO	1	217093	Governador
120000000283	13	DELCÍDIO DO AMARAL GOMEZ	MS	PT	MATO GROSSO DO SUL COM A FORÇA DE TODOS	PDT / PT / PSL / PR / PSDC / PV / PROS / PC do B / PTB / PTC / PPL / PRP	2º TURNO	1	567331	Governador
120000000283	13	DELCÍDIO DO AMARAL GOMEZ	MS	PT	MATO GROSSO DO SUL COM A FORÇA DE TODOS	PDT / PT / PSL / PR / PSDC / PV / PROS / PC do B / PTB / PTC / PPL / PRP	NÃO ELEITO	2	598461	Governador
120000000439	11	EVANDER JOSE VENDRAMINI DURAN	MS	PP	PARTIDO ISOLADO	PP	NÃO ELEITO	1	10823	Governador
120000000486	50	SIDELVAR APARECIDO DE MELO	MS	PSOL	PARTIDO ISOLADO	PSOL	NÃO ELEITO	1	7823	Governador
130000000198	45	JOÃO PIMENTA DA VEIGA FILHO	MG	PSDB	TODOS POR MINAS	PSDB / PP / DEM / PSD / PTB / PPS / PV / PDT / PR / PMN / PSC / PSL / PTC / SD	NÃO ELEITO	1	4240706	Governador
130000000299	50	FIDÉLIS OLIVEIRA ALCANTARA	MG	PSOL	FRENTE DE ESQUERDA SOCIALISTA	PSTU / PSOL	NÃO ELEITO	1	67785	Governador
130000000419	29	CLEIDE DONÁRIA DE OLIVEIRA	MG	PCO	PARTIDO ISOLADO	PCO	NÃO ELEITO	1	7590	Governador
130000000530	27	EDUARDO FERREIRA DE SOUZA	MG	PSDC	PARTIDO ISOLADO	PSDC	NÃO ELEITO	1	23017	Governador
130000000829	13	FERNANDO DAMATA PIMENTEL	MG	PT	MINAS PRA VOCÊ	PT / PMDB / PC do B / PROS / PRB	ELEITO	1	5362870	Governador
130000001176	40	RAIMUNDO TARCISIO DELGADO	MG	PSB	MINAS QUER MUDANÇA	PSB / PPL / PRTB	NÃO ELEITO	1	395039	Governador
130000001766	21	TULIO CESAR DIAS LOPES	MG	PCB	PARTIDO ISOLADO	PCB	NÃO ELEITO	1	26023	Governador
140000000016	43	JOSÉ CARLOS LIMA DA COSTA	PA	PV	PARTIDO ISOLADO	PV	NÃO ELEITO	1	44247	Governador
140000000089	50	MARCO ANTÔNIO CARRERA FERREIRA	PA	PSOL	FRENTE DE ESQUERDA - MUDANÇA PRA VALER	PSOL / PSTU	NÃO ELEITO	1	63078	Governador
140000000468	15	HELDER ZAHLUTH BARBALHO	PA	PMDB	TODOS PELO PARÁ	PMDB / PT / DEM / PR / PDT / PROS / PHS / PC do B / PSL / PPL / PTN	2º TURNO	1	1795992	Governador
140000000468	15	HELDER ZAHLUTH BARBALHO	PA	PMDB	TODOS PELO PARÁ	PMDB / PT / DEM / PR / PDT / PROS / PHS / PC do B / PSL / PPL / PTN	NÃO ELEITO	2	1721479	Governador
140000000828	45	SIMÃO ROBISON OLIVEIRA JATENE	PA	PSDB	JUNTOS COM O POVO	PSDB / PSD / PSB / PP / SD / PRB / PSC / PTB / PPS / PEN / PMN / PTC / PSDC / PT do B / PRP	2º TURNO	1	1745442	Governador
140000000828	45	SIMÃO ROBISON OLIVEIRA JATENE	PA	PSDB	JUNTOS COM O POVO	PSDB / PSD / PSB / PP / SD / PRB / PSC / PTB / PPS / PEN / PMN / PTC / PSDC / PT do B / PRP	ELEITO	2	1858869	Governador
140000001017	28	ELTON DE BARROS BRAGA	PA	PRTB	PARTIDO ISOLADO	PRTB	NÃO ELEITO	1	14712	Governador
150000000010	50	TARCIO HOLANDA TEIXEIRA	PB	PSOL	PARTIDO ISOLADO	PSOL	NÃO ELEITO	1	8849	Governador
150000000052	40	RICARDO VIEIRA COUTINHO	PB	PSB	A FORÇA DO TRABALHO	PSB / PT / PDT / DEM / PRTB / PRP / PV / PSL / PC do B / PHS / PPL	2º TURNO	1	937009	Governador
150000000052	40	RICARDO VIEIRA COUTINHO	PB	PSB	A FORÇA DO TRABALHO	PSB / PT / PDT / DEM / PRTB / PRP / PV / PSL / PC do B / PHS / PPL	ELEITO	2	1125956	Governador
150000000156	15	VITAL DO RÊGO FILHO	PB	PMDB	RENOVAÇÃO DE VERDADE	PMDB	NÃO ELEITO	1	106162	Governador
150000000331	16	ANTONIO FERREIRA LIMA NETO	PB	PSTU	PARTIDO ISOLADO	PSTU	NÃO ELEITO	1	2570	Governador
150000000404	90	FABIO RODRIGUES DE OLIVEIR	PB	PROS	PARTIDO ISOLADO	PROS	NÃO ELEITO	1	14910	Governador
150000000407	45	CASSIO RODRIGUES DA CUNHA LIMA	PB	PSDB	A VONTADE DO POVO	PSDB / PEN / PR / PTB / PSD / SD / PMN / PPS / PT do B / PTN / PRB / PSDC / PSC / PP	2º TURNO	1	965397	Governador
150000000407	45	CASSIO RODRIGUES DA CUNHA LIMA	PB	PSDB	A VONTADE DO POVO	PSDB / PEN / PR / PTB / PSD / SD / PMN / PPS / PT do B / PTN / PRB / PSDC / PSC / PP	NÃO ELEITO	2	1014393	Governador
160000000002	50	BERNARDO SEIXAS PILOTTO	PR	PSOL	PARTIDO ISOLADO	PSOL	NÃO ELEITO	1	35327	Governador
160000000324	15	ROBERTO REQUIAO DE MELLO E SILVA	PR	PMDB	PARANÁ COM GOVERNO	PMDB / PV / PPL	NÃO ELEITO	1	1634316	Governador
160000000558	45	CARLOS ALBERTO RICHA	PR	PSDB	TODOS PELO PARANÁ	PSDB / PROS / DEM / PSB / PSD / PTB / PP / PPS / PSC / PR / SD / PSL / PSDC / PMN / PHS / PEN / PT do B	ELEITO	1	3301322	Governador
160000000632	28	GEONISIO CESAR MARINHO	PR	PRTB	PARTIDO ISOLADO	PRTB	NÃO ELEITO	1	7303	Governador
160000000645	13	GLEISI HELENA HOFFMANN	PR	PT	PARANÁ OLHANDO PRA FRENTE	PT / PDT / PC do B / PRB / PTN	NÃO ELEITO	1	881857	Governador
160000001022	44	OGIER ALBERGE BUCHI	PR	PRP	PARTIDO ISOLADO	PRP	NÃO ELEITO	1	50446	Governador
160000001091	16	RODRIGO TOMAZINI DIAS	PR	PSTU	PARTIDO ISOLADO	PSTU	NÃO ELEITO	1	5726	Governador
160000001250	36	TULIO MARCELO DENIG BANDEIRA	PR	PTC	PARTIDO ISOLADO	PTC	NÃO ELEITO	1	13700	Governador
170000000009	16	JAIR PEDRO DA SILVA	PE	PSTU	PARTIDO ISOLADO	PSTU	NÃO ELEITO	1	5281	Governador
170000000020	21	MIGUEL ANACLETO DA SILVA JUNIOR	PE	PCB	PARTIDO ISOLADO	PCB	NÃO ELEITO	1	2892	Governador
170000000024	40	PAULO HENRIQUE SARAIVA CÂMARA	PE	PSB	FRENTE POPULAR DE PERNAMBUCO	PMDB / PC do B / PSB / PTC / PRP / PV / PTN / PR / PSD / PPS / PSDB / SD / PPL / DEM / PHS / PSDC / PROS / PP / PEN / PRTB / PSL	ELEITO	1	3009087	Governador
170000000451	50	JOSE GOMES DE SA NETO	PE	PSOL	MOBILIZAÇÃO POR PODER POPULAR	PSOL / PMN	NÃO ELEITO	1	27895	Governador
170000000598	14	ARMANDO DE QUEIROZ MONTEIRO NETO	PE	PTB	PERNAMBUCO VAI MAIS LONGE	PTB / PT / PSC / PDT / PRB / PT do B	NÃO ELEITO	1	1373237	Governador
180000000001	16	DANIEL VASCONCELOS SOLON	PI	PSTU	PARTIDO ISOLADO	PSTU	NÃO ELEITO	1	6452	Governador
180000000013	20	FRANCISCO DE ASSIS MORAES SOUZA	PI	PSC	PARTIDO ISOLADO	PSC	NÃO ELEITO	1	25877	Governador
180000000034	54	NILO CARVALHO NETO	PI	PPL	PARTIDO ISOLADO	PPL	NÃO ELEITO	1	4217	Governador
180000000044	15	ANTONIO JOSE DE MORAES SOUZA FILHO	PI	PMDB	PIAUÍ NO CORAÇÃO	PMDB / PSDB / PSB / PRB / PDT / PSL / PTN / PPS / DEM / PSDC / PMN / PTC / PSD / PC do B / PT do B / PV / PEN	NÃO ELEITO	1	555201	Governador
180000000138	29	MARIA DE LOURDES SOARES MELO	PI	PCO	PARTIDO ISOLADO	PCO	NÃO ELEITO	1	2180	Governador
180000000191	50	MAKLANDEL AQUINO MATOS	PI	PSOL	O PODER POPULAR NA CONSTRUÇÃO DO SOCIALISMO	PSOL / PCB	NÃO ELEITO	1	22480	Governador
180000000212	13	JOSÉ WELLINGTON BARROSO DE ARAÚJO DIAS	PI	PT	A VITÓRIA COM A FORÇA DO POVO	PT / PP / PTB / PHS / PR / PROS / PRP / SD	ELEITO	1	1053342	Governador
190000000100	16	DAYSE OLIVEIRA GOMES	RJ	PSTU	PARTIDO ISOLADO	PSTU	NÃO ELEITO	1	33442	Governador
190000000136	21	NEY DE SOUZA NUNES	RJ	PCB	PARTIDO ISOLADO	PCB	NÃO ELEITO	1	8950	Governador
190000000409	50	TARCISIO MOTTA DE CARVALHO	RJ	PSOL	PARTIDO ISOLADO	PSOL	NÃO ELEITO	1	712734	Governador
190000000585	22	ANTHONY WILLIAM GAROTINHO MATHEUS DE OLIVEIRA	RJ	PR	ALIANÇA REPUBLICANA E TRABALHISTA	PR / PT do B / PROS	NÃO ELEITO	1	1576511	Governador
190000000673	13	LUIZ LINDBERGH FARIAS FILHO	RJ	PT	COLIGAÇÃO FRENTE POPULAR	PT / PV / PSB / PC do B	NÃO ELEITO	1	798897	Governador
190000001406	10	MARCELO BEZERRA  CRIVELLA	RJ	PRB	PARTIDO ISOLADO	PRB	2º TURNO	1	1619165	Governador
190000001406	10	MARCELO BEZERRA  CRIVELLA	RJ	PRB	PARTIDO ISOLADO	PRB	NÃO ELEITO	2	3442713	Governador
190000001649	15	LUIZ FERNANDO DE SOUZA	RJ	PMDB	O RIO EM 1º LUGAR	PMDB / PP / PSC / PTB / PSL / PPS / PTN / DEM / PSDC / PRTB / PHS / PMN / PTC / PRP / PSDB / PEN / PSD / SD	2º TURNO	1	3242513	Governador
190000001649	15	LUIZ FERNANDO DE SOUZA	RJ	PMDB	O RIO EM 1º LUGAR	PMDB / PP / PSC / PTB / PSL / PPS / PTN / DEM / PSDC / PRTB / PHS / PMN / PTC / PRP / PSDB / PEN / PSD / SD	ELEITO	2	4343298	Governador
200000000001	16	VERONICA SIMONE DUTRA VERAS	RN	PSTU	PARTIDO ISOLADO	PSTU	NÃO ELEITO	1	14549	Governador
200000000016	17	ARAKEN BARBOSA DE FARIAS FILHO	RN	PSL	PARTIDO ISOLADO	PSL	NÃO ELEITO	1	13396	Governador
200000000083	50	ROBÉRIO PAULINO RODRIGUES	RN	PSOL	PARTIDO ISOLADO	PSOL	NÃO ELEITO	1	129616	Governador
200000000127	15	HENRIQUE EDUARDO LYRA ALVES	RN	PMDB	UNIÃO PELA MUDANÇA	PMDB / PR / PSB / PROS / PDT / SD / PSC / PTB / PPS / PHS / PSDB / PSDC / PRB / PTN / PV / PMN / PRP	2º TURNO	1	702196	Governador
200000000127	15	HENRIQUE EDUARDO LYRA ALVES	RN	PMDB	UNIÃO PELA MUDANÇA	PMDB / PR / PSB / PROS / PDT / SD / PSC / PTB / PPS / PHS / PSDB / PSDC / PRB / PTN / PV / PMN / PRP	NÃO ELEITO	2	734801	Governador
200000000242	55	ROBINSON MESQUITA DE FARIA	RN	PSD	LIDERADOS PELO POVO	PSD / PT / PC do B / PT do B / PP / PEN / PRTB / PTC	2º TURNO	1	623614	Governador
200000000242	55	ROBINSON MESQUITA DE FARIA	RN	PSD	LIDERADOS PELO POVO	PSD / PT / PC do B / PT do B / PP / PEN / PRTB / PTC	ELEITO	2	877268	Governador
210000000003	13	TARSO FERNANDO HERZ GENRO	RS	PT	UNIDADE POPULAR PELO RIO GRANDE	PT / PTC / PC do B / PROS / PPL / PTB / PR	2º TURNO	1	2005743	Governador
210000000003	13	TARSO FERNANDO HERZ GENRO	RS	PT	UNIDADE POPULAR PELO RIO GRANDE	PT / PTC / PC do B / PROS / PPL / PTB / PR	NÃO ELEITO	2	2445664	Governador
210000000059	50	CARLOS ROBERTO DE SOUZA ROBAINA	RS	PSOL	FRENTE DE ESQUERDA - PSOL / PSTU	PSOL / PSTU	NÃO ELEITO	1	47138	Governador
210000000083	15	JOSÉ IVO SARTORI	RS	PMDB	O NOVO CAMINHO PARA O RIO GRANDE	PMDB / PSD / PPS / PSB / PHS / PT do B / PSL / PSDC	2º TURNO	1	2487889	Governador
210000000083	15	JOSÉ IVO SARTORI	RS	PMDB	O NOVO CAMINHO PARA O RIO GRANDE	PMDB / PSD / PPS / PSB / PHS / PT do B / PSL / PSDC	ELEITO	2	3859611	Governador
210000000282	12	CARLOS EDUARDO VIEIRA DA CUNHA	RS	PDT	O RIO GRANDE MERECE MAIS	PDT / PSC / DEM / PV / PEN	NÃO ELEITO	1	263062	Governador
210000000500	28	EDISON ESTIVALETE BILHALVA	RS	PRTB	PARTIDO ISOLADO	PRTB	NÃO ELEITO	1	10154	Governador
210000000633	11	ANA AMELIA DE LEMOS	RS	PP	ESPERANÇA QUE UNE O RIO GRANDE	PP / PRB / PSDB / SD	NÃO ELEITO	1	1342115	Governador
220000000003	50	NASCIMENTO ANTONIO DA SILVA	RO	PSOL	FRENTE DE ESQUERDA PSOL/PSTU	PSOL / PSTU	NÃO ELEITO	1	7757	Governador
220000000038	45	EXPEDITO GONÇALVES FERREIRA JUNIOR	RO	PSDB	FRENTE MUDA RONDÔNIA	PSDB / PSDC / PSD / PEN / PHS / PSC / PMN / PT do B / PRB / DEM	2º TURNO	1	284663	Governador
220000000038	45	EXPEDITO GONÇALVES FERREIRA JUNIOR	RO	PSDB	FRENTE MUDA RONDÔNIA	PSDB / PSDC / PSD / PEN / PHS / PSC / PMN / PT do B / PRB / DEM	NÃO ELEITO	2	366072	Governador
220000000114	13	MARITON BENEDITO DE HOLANDA	RO	PT	PARTIDO ISOLADO	PT	NÃO ELEITO	1	101612	Governador
220000000187	15	CONFUCIO AIRES MOURA	RO	PMDB	RONDONIA NO CAMINHO CERTO	PMDB / PDT / PSB / PTN / PTB / PC do B / PRTB / PSL / PRP	2º TURNO	1	288220	Governador
220000000187	15	CONFUCIO AIRES MOURA	RO	PMDB	RONDONIA NO CAMINHO CERTO	PMDB / PDT / PSB / PTN / PTB / PC do B / PRTB / PSL / PRP	ELEITO	2	419928	Governador
220000000275	22	DIRLAINE JAQUELINE CASSOL	RO	PR	O RESPEITO ESTA DE VOLTA	PP / PR / PPS / PROS / PV / PTC	NÃO ELEITO	1	121406	Governador
230000000009	50	HAMILTON CASTRO CAVALCANTE	RR	PSOL	ALTERNATIVA DE ESQUERDA PARA RORAIMA	PSOL / PSTU	NÃO ELEITO	1	6975	Governador
230000000253	13	ANGELA MARIA GOMES PORTELA	RR	PT	É PRA FRENTE QUE SE ANDA	PT / PDT / PC do B / PV / PTC	NÃO ELEITO	1	43897	Governador
230000000345	40	FRANCISCO DE ASSIS RODRIGUES	RR	PSB	RORAIMA UNIDA	PSB / PMDB / PSDB / PR / PRB / PSD / SD / PROS / PPS / PSC / PMN / PSDC / PT do B / PRTB / PHS / PSL / PPL / PTN / PEN / PRP	2º TURNO	1	91578	Governador
230000000345	40	FRANCISCO DE ASSIS RODRIGUES	RR	PSB	RORAIMA UNIDA	PSB / PMDB / PSDB / PR / PRB / PSD / SD / PROS / PPS / PSC / PMN / PSDC / PT do B / PRTB / PHS / PSL / PPL / PTN / PEN / PRP	NÃO ELEITO	2	104656	Governador
230000000804	11	MARIA SUELY SILVA CAMPOS	RR	PP	'SALVE RORAIMA'	PP / PTB / DEM	2º TURNO	1	100973	Governador
230000000804	11	MARIA SUELY SILVA CAMPOS	RR	PP	'SALVE RORAIMA'	PP / PTB / DEM	ELEITO	2	127161	Governador
240000000058	50	AFRÂNIO TADEU BOPPRÉ	SC	PSOL	PARTIDO ISOLADO	PSOL	NÃO ELEITO	1	61814	Governador
240000000141	13	CLAUDIO ANTONIO VIGNATTI	SC	PT	PARTIDO ISOLADO	PT	NÃO ELEITO	1	534196	Governador
240000000197	16	GILMAR SALGADO DOS SANTOS	SC	PSTU	PARTIDO ISOLADO	PSTU	NÃO ELEITO	1	7420	Governador
240000000207	55	JOÃO RAIMUNDO COLOMBO	SC	PSD	COLIGAÇÃO SANTA CATARINA EM PRIMEIRO LUGAR	PSD / PRB / PMDB / PR / PTB / PSC / PSDC / PROS / PV / PC do B / PDT / DEM	ELEITO	1	1763735	Governador
240000000311	21	MARLENE DE SOUZA SOCCAS SAZAN	SC	PCB	PARTIDO ISOLADO	PCB	NÃO ELEITO	1	3927	Governador
240000000459	45	PAULO ROBERTO BAUER	SC	PSDB	COLIGAÇÃO MUDA BRASIL; MUDA SANTA CATARINA	PP / PSL / PTN / PPS / PRTB / PHS / PTC / PSB / PSDB / PEN / PT do B / SD	NÃO ELEITO	1	1026722	Governador
240000000496	54	JANAINA CONCEIÇÃO DEITOS	SC	PPL	COLIGAÇÃO SANTA CATARINA PARA TODOS!	PPL / PMN	NÃO ELEITO	1	27437	Governador
250000000502	13	ALEXANDRE ROCHA SANTOS PADILHA	SP	PT	PARA MUDAR DE VERDADE	PT / PC do B / PR	NÃO ELEITO	1	3888584	Governador
250000000896	43	GILBERTO TANOS NATALINI	SP	PV	PARTIDO ISOLADO	PV	NÃO ELEITO	1	260696	Governador
250000001485	29	RAIMUNDO SENA DE JESUS	SP	PCO	PARTIDO ISOLADO	PCO	NÃO ELEITO	1	11118	Governador
250000001672	45	GERALDO JOSE RODRIGUES ALCKMIN FILHO	SP	PSDB	AQUI É SÃO PAULO	PSDB / DEM / PEN / PMN / PT do B / PTC / PTN / SD / PPS / PRB / PSB / PSC / PSDC / PSL	ELEITO	1	12230807	Governador
250000001684	50	GILBERTO MARINGONI DE OLIVEIRA	SP	PSOL	FRENTE DE ESQUERDA	PSOL / PSTU	NÃO ELEITO	1	187487	Governador
250000002087	15	PAULO ANTONIO SKAF	SP	PMDB	SÃO PAULO QUER O MELHOR	PMDB / PROS / PSD / PP / PDT	NÃO ELEITO	1	4594708	Governador
250000002248	28	WALTER PAIVA CIGLIONI	SP	PRTB	PARTIDO ISOLADO	PRTB	NÃO ELEITO	1	22822	Governador
250000002332	21	WAGNER JOSÉ GONÇALVES FARIAS	SP	PCB	PARTIDO ISOLADO	PCB	NÃO ELEITO	1	12958	Governador
250000002913	31	LAERCIO BENKO LOPES	SP	PHS	UNIDOS POR SÃO PAULO	PHS / PRP	NÃO ELEITO	1	132042	Governador
260000000005	50	SÔNIA MEIRE SANTOS AZEVEDO DE JESUS	SE	PSOL	FRENTE DE ESQUERDA - LUTAR PARA TRANSFORMAR SERGIPE	PSOL / PSTU / PCB	NÃO ELEITO	1	46346	Governador
260000000073	54	AIRTON COSTA SANTOS	SE	PPL	PARTIDO ISOLADO	PPL	NÃO ELEITO	1	1988	Governador
260000000077	15	JACKSON BARRETO DE LIMA	SE	PMDB	AGORA É O POVO	PT / PSD / PC do B / PRTB / PDT / PRP / PROS / PSDC / PMDB / PSB / PRB	ELEITO	1	537793	Governador
260000000085	20	EDUARDO ALVES DO AMORIM	SE	PSC	AGORA SIM	DEM / PSDB / PP / PT do B / PSC / PTC / PSL / PTB / SD / PV / PPS / PHS / PMN / PR / PEN	NÃO ELEITO	1	415641	Governador
260000000171	19	ALBERTO DOS SANTOS	SE	PTN	PARTIDO ISOLADO	PTN	NÃO ELEITO	1	3034	Governador
270000000003	21	CARLOS POTENGY BARBOSA RIBEIRO	TO	PCB	PARTIDO ISOLADO	PCB	NÃO ELEITO	1	1873	Governador
270000000009	15	MARCELO DE CARVALHO MIRANDA	TO	PMDB	A EXPERIENCIA FAZ A MUDANÇA	PMDB / PT / PSD / PV	ELEITO	1	360640	Governador
270000000108	90	ATAÍDES DE OLIVEIRA	TO	PROS	REAGE TOCANTINS	PROS / PTN / PPL / PMN / PSDC / PC do B / PT do B	NÃO ELEITO	1	24874	Governador
270000000279	77	SANDOVAL LOBO CARDOSO	TO	SD	A MUDANÇA QUE A GENTE VE	PRB / PP / PDT / PTB / PSL / PSC / PR / PPS / DEM / PRTB / PHS / PTC / PSB / PRP / PSDB / PEN / SD	NÃO ELEITO	1	314392	Governador
270000000621	50	EULERLENE ANGELIM GOMES	TO	PSOL	PARTIDO ISOLADO	PSOL	NÃO ELEITO	1	1234	Governador
